protein,pathway_id
A5X5Y0,WP2754
O00142,WP4584
O00142,WP4082
O00142,WP4225
O00180,WP2669
O00180,WP3810
O00204,WP4545
O00206,WP5272
O00206,WP4462
O00206,WP2752
O00206,WP2761
O00206,WP3577
O00206,WP2775
O00206,WP5044
O00206,WP4069
O00206,WP5055
O00206,WP5256
O00206,WP4868
O00206,WP2768
O00206,WP3358
O00206,WP5381
O00217,WP1902
O00222,WP4423
O00238,WP2760
O00244,WP2824
O00244,WP4101
O00264,WP4049
O00305,WP1800
O00329,WP2747
O00329,WP2746
O00329,WP5098
O00329,WP2643
O00329,WP2732
O00329,WP1840
O00329,WP4971
O00329,WP5191
O00329,WP4458
O00329,WP4095
O00329,WP2653
O00329,WP2533
O00444,WP4124
O00444,WP1859
O00444,WP2652
O00444,WP3498
O00459,WP2747
O00459,WP2694
O00459,WP1794
O00459,WP1913
O00459,WP2719
O00459,WP1867
O00459,WP4448
O00459,WP1927
O00459,WP2759
O00459,WP2713
O00459,WP4977
O00459,WP1799
O00459,WP1916
O00459,WP2677
O00459,WP2732
O00459,WP2735
O00459,WP1840
O00459,WP1919
O00459,WP1826
O00459,WP1917
O00459,WP2673
O00459,WP4095
O00459,WP2653
O00459,WP1873
O00459,WP4424
O00459,WP1984
O00469,WP2725
O00483,WP3349
O00483,WP1902
O00519,WP2650
O00555,WP1831
O00555,WP1800
O00750,WP2747
O00750,WP4971
O00763,WP1831
O00763,WP5031
O00763,WP2706
O00763,WP1857
O00764,WP4049
O00764,WP1857
O00764,WP4228
O14521,WP2766
O14521,WP1902
O14556,WP4093
O14556,WP1892
O14561,WP4324
O14561,WP1902
O14561,WP3562
O14561,WP4034
O14578,WP3376
O14618,WP2824
O14649,WP2669
O14649,WP3810
O14730,WP3797
O14732,WP2741
O14746,WP5121
O14746,WP1928
O14746,WP3339
O14757,WP2263
O14757,WP4413
O14757,WP3808
O14757,WP3567
O14757,WP3959
O14757,WP2713
O14757,WP3838
O14757,WP2516
O14757,WP1775
O14757,WP4016
O14757,WP1971
O14757,WP1984
O14788,WP3398
O14788,WP3350
O14791,WP2799
O14791,WP4110
O14791,WP2784
O14832,WP4442
O14832,WP4433
O14832,WP1878
O14841,WP4111
O14841,WP4518
O14842,WP4419
O14842,WP1831
O14842,WP2728
O14842,WP4424
O14880,WP4111
O14880,WP3306
O14920,WP3352
O14920,WP2794
O14920,WP3851
O14920,WP1927
O14920,WP2746
O14920,WP2759
O14920,WP5098
O14920,WP2752
O14920,WP2761
O14920,WP3577
O14920,WP2512
O14920,WP2792
O14920,WP4443
O14920,WP2656
O14920,WP3354
O14920,WP3380
O14920,WP1839
O14920,WP2801
O14920,WP1904
O14920,WP2763
O14920,WP2768
O14920,WP5288
O14920,WP5158
O14936,WP1867
O14936,WP2787
O14936,WP1871
O14936,WP5007
O14936,WP4133
O14939,WP2719
O14939,WP5132
O14939,WP2740
O14964,WP1910
O14964,WP3578
O14964,WP4102
O14964,WP4065
O14964,WP4120
O14964,WP5047
O14964,WP3575
O14964,WP4119
O14965,WP3805
O14965,WP3838
O14965,WP3804
O14965,WP4109
O14965,WP1859
O14976,WP3578
O14976,WP4065
O14980,WP2683
O14980,WP2733
O14980,WP4977
O14980,WP3307
O14980,WP2757
O14980,WP2684
O14980,WP2742
O14980,WP1775
O14980,WP1859
O14980,WP3339
O14980,WP2652
O14980,WP2658
O14980,WP3379
O14983,WP1885
O14983,WP2786
O14983,WP3810
O14983,WP4098
O15067,WP4084
O15067,WP4224
O15111,WP3352
O15111,WP2794
O15111,WP3851
O15111,WP1927
O15111,WP2746
O15111,WP2759
O15111,WP5098
O15111,WP2752
O15111,WP2761
O15111,WP3545
O15111,WP3577
O15111,WP2512
O15111,WP2792
O15111,WP2656
O15111,WP3354
O15111,WP3380
O15111,WP1839
O15111,WP2801
O15111,WP1904
O15111,WP2763
O15111,WP2526
O15111,WP2768
O15111,WP2653
O15111,WP1984
O15111,WP5158
O15146,WP2703
O15197,WP3309
O15217,WP4111
O15239,WP4324
O15239,WP1902
O15264,WP5272
O15264,WP3869
O15264,WP2643
O15264,WP1868
O15264,WP1919
O15264,WP2763
O15264,WP1873
O15269,WP5121
O15269,WP5194
O15269,WP2788
O15269,WP4725
O15270,WP2788
O15270,WP4725
O15342,WP1913
O15342,WP2670
O15342,WP3551
O15342,WP5015
O15342,WP4098
O15350,WP3959
O15350,WP3798
O15350,WP4105
O15350,WP3802
O15350,WP1841
O15350,WP1742
O15374,WP5220
O15379,WP1892
O15379,WP4096
O15379,WP2751
O15379,WP5012
O15379,WP4415
O15379,WP3331
O15379,WP2720
O15379,WP1797
O15379,WP4453
O15379,WP3813
O15379,WP3594
O15379,WP4443
O15379,WP1822
O15379,WP2797
O15379,WP3394
O15379,WP5014
O15382,WP3556
O15382,WP5220
O15382,WP4686
O15392,WP3805
O15392,WP4121
O15392,WP2757
O15392,WP4066
O15392,WP1775
O15392,WP2652
O15392,WP3379
O15392,WP3802
O15392,WP5322
O15399,WP3812
O15399,WP2735
O15399,WP4288
O15399,WP4054
O15399,WP5007
O15399,WP4133
O15427,WP1794
O15427,WP1935
O15427,WP2766
O15427,WP5314
O15440,WP1780
O15440,WP5239
O15440,WP2743
O15528,WP4085
O15528,WP3685
O15530,WP4431
O15530,WP4448
O15530,WP1927
O15530,WP2759
O15530,WP5098
O15530,WP4977
O15530,WP1799
O15530,WP4428
O15530,WP3354
O15530,WP1919
O15530,WP3357
O15530,WP3807
O15530,WP1826
O15530,WP2653
O15547,WP1885
O15547,WP4657
O15554,WP2669
O43174,WP4085
O43174,WP4421
O43175,WP4688
O43175,WP4435
O43175,WP5312
O43175,WP5355
O43181,WP4324
O43181,WP1902
O43193,WP4419
O43193,WP4424
O43252,WP4111
O43252,WP2743
O43252,WP3791
O43283,WP1984
O43293,WP3317
O43353,WP1927
O43353,WP4102
O43353,WP2792
O43353,WP4443
O43353,WP2656
O43353,WP1839
O43353,WP2763
O43451,WP4104
O43451,WP4049
O43525,WP5360
O43526,WP5360
O43570,WP2770
O43612,WP4419
O43612,WP4424
O43613,WP4419
O43613,WP3591
O43613,WP3594
O43613,WP4424
O43614,WP4419
O43614,WP3591
O43614,WP3594
O43614,WP4424
O43617,WP4430
O43617,WP4070
O43674,WP4324
O43674,WP1902
O43676,WP4324
O43676,WP1902
O43677,WP4324
O43677,WP1902
O43678,WP4324
O43678,WP1902
O43708,WP4111
O43708,WP4506
O43708,WP2766
O43708,WP4981
O43741,WP2748
O43741,WP1831
O43741,WP3348
O43741,WP3331
O43741,WP3349
O43741,WP3838
O43741,WP4985
O43741,WP4061
O43741,WP2777
O43766,WP3562
O43766,WP5028
O43772,WP4742
O43772,WP4061
O43772,WP5123
O43837,WP2766
O43920,WP4324
O43920,WP1902
O60218,WP3839
O60285,WP3838
O60359,WP3392
O60359,WP4459
O60391,WP5007
O60427,WP5315
O60427,WP4586
O60427,WP2724
O60427,WP2797
O60488,WP4114
O60488,WP1831
O60494,WP4129
O60494,WP1857
O60494,WP4271
O60494,WP3685
O60568,WP2725
O60603,WP4462
O60603,WP2761
O60603,WP4049
O60603,WP3577
O60603,WP2775
O60603,WP2671
O60603,WP4069
O60603,WP4868
O60656,WP4111
O60656,WP2797
O60669,WP1935
O60669,WP5314
O60674,WP4096
O60674,WP4122
O60674,WP1836
O60674,WP2713
O60674,WP5098
O60674,WP4052
O60674,WP4066
O60674,WP1858
O60674,WP3332
O60674,WP1815
O60674,WP3817
O60674,WP2735
O60674,WP1840
O60674,WP2678
O60674,WP2657
O60674,WP4458
O60674,WP3374
O60674,WP5158
O60674,WP5242
O60701,WP4111
O60701,WP5312
O60706,WP2669
O60706,WP1780
O60706,WP3810
O60760,WP4111
O60894,WP4420
O60894,WP4427
O60894,WP4993
O60895,WP4420
O60895,WP4427
O60895,WP4993
O60896,WP4420
O60896,WP4427
O60896,WP4993
O60931,WP3320
O60931,WP1936
O60939,WP5200
O60939,WP1843
O60939,WP3810
O75116,WP3309
O75116,WP1907
O75116,WP3365
O75116,WP4426
O75116,WP3594
O75116,WP1919
O75116,WP5047
O75116,WP5366
O75185,WP4098
O75251,WP1902
O75306,WP4324
O75306,WP1902
O75311,WP2754
O75348,WP1913
O75348,WP2670
O75348,WP3551
O75348,WP5015
O75348,WP4098
O75380,WP4324
O75380,WP1902
O75385,WP3549
O75385,WP4053
O75385,WP3348
O75385,WP4070
O75385,WP4863
O75385,WP5381
O75390,WP2766
O75390,WP2717
O75390,WP5220
O75438,WP4324
O75438,WP1902
O75460,WP1939
O75460,WP4861
O75460,WP5181
O75469,WP5273
O75469,WP4545
O75489,WP4324
O75489,WP1902
O75600,WP3803
O75636,WP1798
O75715,WP2824
O75747,WP2747
O75747,WP4971
O75762,WP4098
O75762,WP5283
O75874,WP4990
O75874,WP3585
O75874,WP4442
O75874,WP4049
O75874,WP3486
O75880,WP3349
O75880,WP1902
O75899,WP2669
O75899,WP4423
O75899,WP4159
O75899,WP4418
O75899,WP4457
O75911,WP4421
O75911,WP2776
O75912,WP1809
O75914,WP3309
O75914,WP1927
O75914,WP1907
O75914,WP1799
O75914,WP3351
O75914,WP3307
O75914,WP3354
O75914,WP1919
O75914,WP1918
O75936,WP4996
O76082,WP1935
O76082,WP4061
O76082,WP5123
O94760,WP1850
O94760,WP2853
O94788,WP4421
O94804,WP4049
O94903,WP4228
O94925,WP3349
O94925,WP1871
O94925,WP4992
O94925,WP5312
O94925,WP4157
O95069,WP2669
O95069,WP3810
O95139,WP4324
O95139,WP1902
O95167,WP4324
O95167,WP1902
O95168,WP4324
O95168,WP1902
O95169,WP4324
O95169,WP1902
O95169,WP2717
O95178,WP4324
O95178,WP1902
O95182,WP4324
O95182,WP1902
O95237,WP5188
O95237,WP3839
O95237,WP2776
O95264,WP2754
O95298,WP4324
O95298,WP1902
O95298,WP4049
O95299,WP4324
O95299,WP1902
O95342,WP5238
O95342,WP1788
O95342,WP5396
O95342,WP5176
O95363,WP1938
O95470,WP4142
O95470,WP2788
O95477,WP4129
O95477,WP5012
O95477,WP2797
O95622,WP4423
O95622,WP1831
O95622,WP4427
O95622,WP1978
O95622,WP2662
O95622,WP4422
O95622,WP3316
O95622,WP2688
O95622,WP4457
O95622,WP4993
O95622,WP4589
O95644,WP5174
O95644,WP3558
O95644,WP2746
O95644,WP2759
O95644,WP5098
O95644,WP2840
O95644,WP3354
O95665,WP4419
O95665,WP4424
O95670,WP1913
O95670,WP2670
O95670,WP3551
O95670,WP5015
O95670,WP4098
O95718,WP1822
O95749,WP4190
O95749,WP2706
O95749,WP1795
O95819,WP3404
O95835,WP3959
O95835,WP2714
O95864,WP5315
O95864,WP4586
O95864,WP4853
O95864,WP2724
O95907,WP1794
O95907,WP1935
O95907,WP2766
O95954,WP4988
O95954,WP4259
O95977,WP4423
O95977,WP4419
O96000,WP4324
O96000,WP1902
O96013,WP1918
O96017,WP2263
O96017,WP3823
O96017,WP3959
O96017,WP3838
O96017,WP2516
O96017,WP1775
O96017,WP4016
O96017,WP3807
O96017,WP3543
O96017,WP5322
O96017,WP1971
O96017,WP1984
P00325,WP4085
P00326,WP4085
P00326,WP4421
P00338,WP2766
P00338,WP5220
P00338,WP5166
P00338,WP4236
P00338,WP5312
P00338,WP5381
P00352,WP4039
P00352,WP4085
P00352,WP5188
P00352,WP4421
P00367,WP4595
P00367,WP3331
P00367,WP4992
P00367,WP5220
P00367,WP497
P00367,WP5312
P00367,WP5355
P00374,WP4688
P00374,WP4990
P00374,WP1858
P00374,WP3806
P00374,WP4156
P00387,WP4085
P00387,WP4049
P00387,WP1857
P00395,WP3349
P00395,WP1902
P00403,WP3349
P00403,WP1902
P00403,WP2526
P00403,WP5347
P00414,WP3349
P00414,WP1902
P00439,WP4981
P00439,WP4156
P00441,WP1903
P00441,WP4100
P00441,WP2824
P00450,WP1935
P00450,WP2670
P00450,WP2799
P00450,WP4110
P00491,WP4082
P00491,WP4049
P00491,WP4792
P00491,WP4042
P00491,WP4224
P00492,WP4082
P00492,WP2853
P00492,WP4792
P00492,WP4224
P00505,WP4093
P00505,WP3574
P00505,WP465
P00505,WP4595
P00505,WP4992
P00505,WP3562
P00505,WP5220
P00505,WP5166
P00505,WP4979
P00519,WP3388
P00519,WP2719
P00519,WP3567
P00519,WP3959
P00519,WP4415
P00519,WP5000
P00519,WP1858
P00519,WP1815
P00519,WP1865
P00519,WP4105
P00519,WP1918
P00519,WP3543
P00533,WP4086
P00533,WP1910
P00533,WP2722
P00533,WP2780
P00533,WP1843
P00533,WP4977
P00533,WP2643
P00533,WP4065
P00533,WP2781
P00533,WP5144
P00533,WP2840
P00533,WP2735
P00533,WP4437
P00533,WP2664
P00533,WP2653
P00533,WP5014
P00533,WP5322
P00533,WP1984
P00533,WP5158
P00558,WP4093
P00734,WP1794
P00734,WP4419
P00734,WP1798
P00734,WP2762
P00734,WP1884
P00734,WP2799
P00734,WP1818
P00734,WP4927
P00734,WP1929
P00734,WP5186
P00734,WP4424
P00736,WP1798
P00736,WP2806
P00738,WP4049
P00738,WP2784
P00739,WP2784
P00740,WP2762
P00740,WP1818
P00740,WP5186
P00742,WP2762
P00742,WP1818
P00742,WP4583
P00742,WP5186
P00747,WP1802
P00747,WP1903
P00747,WP2769
P00747,WP2799
P00747,WP3976
P00747,WP1916
P00747,WP2774
P00747,WP4927
P00748,WP5089
P00748,WP1818
P00748,WP2806
P00749,WP1802
P00749,WP4049
P00750,WP1802
P00750,WP1916
P00751,WP1798
P00797,WP5183
P00797,WP5133
P00797,WP2729
P00813,WP4082
P00813,WP3591
P00813,WP3594
P00813,WP4792
P00813,WP4224
P00846,WP1902
P00846,WP4106
P00915,WP2744
P00915,WP4100
P00915,WP2681
P00915,WP2770
P00918,WP2744
P00918,WP2681
P00918,WP2770
P00918,WP5314
P01008,WP2799
P01008,WP4110
P01008,WP1818
P01009,WP4430
P01009,WP1903
P01009,WP3560
P01009,WP2799
P01009,WP4049
P01009,WP4110
P01011,WP1903
P01011,WP4049
P01019,WP4423
P01019,WP4419
P01019,WP5183
P01019,WP5133
P01019,WP2729
P01019,WP2797
P01019,WP4424
P01019,WP5036
P01023,WP4129
P01023,WP1903
P01023,WP1818
P01023,WP2774
P01023,WP1917
P01024,WP4998
P01024,WP4423
P01024,WP4419
P01024,WP5218
P01024,WP1798
P01024,WP1829
P01024,WP2799
P01024,WP4049
P01024,WP4110
P01024,WP2806
P01031,WP4423
P01031,WP4419
P01031,WP1798
P01042,WP4423
P01042,WP5089
P01042,WP4419
P01042,WP1903
P01042,WP2799
P01042,WP4110
P01042,WP1818
P01042,WP4424
P01100,WP1845
P01100,WP3808
P01100,WP3391
P01100,WP2759
P01100,WP5098
P01100,WP4977
P01100,WP4066
P01100,WP4982
P01100,WP3591
P01100,WP2840
P01100,WP3404
P01100,WP4432
P01100,WP2526
P01106,WP2755
P01106,WP4086
P01106,WP2263
P01106,WP2772
P01106,WP4107
P01106,WP4102
P01106,WP2720
P01106,WP3307
P01106,WP4066
P01106,WP1858
P01106,WP5001
P01106,WP2839
P01106,WP3339
P01106,WP4432
P01106,WP5322
P01106,WP5288
P01106,WP1984
P01106,WP5385
P01106,WP5381
P01133,WP1910
P01133,WP2722
P01133,WP1903
P01133,WP2780
P01133,WP4977
P01133,WP4065
P01133,WP2781
P01133,WP5144
P01133,WP2735
P01133,WP5055
P01133,WP2653
P01133,WP5366
P01137,WP3859
P01137,WP1794
P01137,WP4107
P01137,WP2787
P01137,WP2683
P01137,WP2751
P01137,WP4102
P01137,WP4066
P01137,WP5144
P01137,WP2742
P01137,WP2840
P01137,WP2703
P01137,WP5055
P01137,WP2666
P01137,WP5322
P01137,WP5347
P01137,WP5382
P01137,WP5385
P01138,WP4429
P01138,WP4443
P01138,WP1873
P01138,WP5366
P01189,WP4423
P01189,WP4419
P01189,WP3998
P01189,WP4427
P01189,WP4085
P01189,WP1978
P01189,WP4066
P01189,WP2691
P01189,WP2749
P01189,WP4999
P01189,WP4993
P01303,WP4423
P01303,WP4419
P01303,WP4999
P01308,WP1913
P01308,WP1831
P01308,WP3998
P01308,WP4441
P01308,WP1982
P01308,WP3513
P01308,WP3436
P01308,WP2509
P01308,WP4999
P01308,WP5181
P01308,WP2736
P01308,WP2653
P01308,WP5385
P01350,WP2596
P01350,WP2597
P01350,WP2664
P01350,WP4424
P01375,WP3398
P01375,WP5039
P01375,WP5218
P01375,WP5200
P01375,WP5182
P01375,WP3851
P01375,WP2751
P01375,WP4304
P01375,WP5098
P01375,WP4063
P01375,WP5260
P01375,WP4066
P01375,WP2513
P01375,WP5044
P01375,WP3380
P01375,WP5055
P01375,WP5181
P01375,WP5347
P01375,WP5242
P01375,WP5336
P01375,WP5381
P01579,WP5174
P01579,WP5218
P01579,WP4100
P01579,WP1836
P01579,WP5098
P01579,WP2840
P01579,WP5044
P01579,WP4341
P01579,WP4079
P01579,WP5336
P01584,WP4998
P01584,WP3890
P01584,WP1838
P01584,WP4304
P01584,WP4063
P01584,WP4066
P01584,WP3354
P01584,WP5055
P01584,WP1839
P01584,WP5288
P01584,WP5347
P01584,WP5381
P01591,WP1794
P01591,WP2784
P01889,WP1835
P01889,WP1829
P01889,WP1836
P01889,WP4049
P01889,WP3577
P02538,WP5055
P02585,WP3795
P02647,WP4129
P02647,WP1903
P02647,WP1780
P02647,WP2799
P02647,WP4110
P02647,WP3839
P02647,WP3601
P02647,WP2784
P02647,WP2797
P02647,WP5145
P02647,WP4522
P02649,WP4086
P02649,WP4129
P02649,WP5012
P02649,WP2799
P02649,WP3298
P02649,WP4110
P02649,WP2781
P02649,WP3839
P02649,WP3601
P02649,WP2784
P02649,WP4522
P02652,WP4129
P02652,WP2799
P02652,WP4110
P02652,WP3839
P02652,WP3601
P02652,WP2797
P02652,WP4522
P02655,WP4129
P02655,WP5012
P02655,WP3839
P02655,WP3601
P02655,WP5323
P02655,WP4522
P02656,WP4129
P02656,WP3839
P02656,WP3601
P02671,WP4431
P02671,WP1903
P02671,WP2799
P02671,WP4110
P02671,WP1818
P02671,WP2735
P02671,WP4069
P02671,WP4927
P02675,WP4431
P02675,WP1903
P02675,WP1818
P02675,WP2735
P02675,WP4069
P02675,WP4927
P02679,WP4431
P02679,WP1903
P02679,WP2799
P02679,WP4110
P02679,WP1818
P02679,WP2735
P02679,WP4069
P02679,WP4927
P02708,WP4454
P02743,WP3547
P02746,WP1798
P02747,WP1798
P02748,WP1798
P02749,WP1903
P02750,WP4049
P02751,WP4431
P02751,WP1794
P02751,WP1903
P02751,WP2799
P02751,WP2643
P02751,WP4110
P02751,WP4066
P02751,WP5056
P02751,WP2735
P02751,WP2703
P02751,WP5288
P02753,WP3839
P02753,WP2776
P02763,WP1903
P02763,WP4049
P02765,WP1903
P02765,WP2799
P02765,WP4049
P02765,WP4110
P02766,WP4049
P02766,WP3839
P02766,WP2703
P02766,WP2776
P02768,WP1852
P02768,WP4129
P02768,WP1903
P02768,WP2799
P02768,WP4110
P02768,WP1788
P02768,WP1937
P02768,WP2784
P02775,WP4423
P02775,WP4419
P02775,WP1903
P02775,WP4049
P02786,WP3578
P02786,WP2670
P02787,WP1903
P02787,WP2670
P02787,WP2799
P02787,WP4110
P02788,WP5003
P02788,WP4101
P02788,WP4049
P02790,WP2784
P02792,WP3578
P02792,WP2670
P02792,WP4049
P02792,WP2513
P02792,WP2784
P02794,WP3578
P02794,WP2670
P02794,WP4049
P02794,WP2784
P02795,WP1836
P02795,WP3814
P02818,WP2762
P02818,WP4415
P03372,WP4086
P03372,WP4414
P03372,WP4447
P03372,WP4102
P03372,WP4977
P03372,WP2781
P03372,WP1822
P03372,WP4105
P03372,WP4432
P03372,WP5235
P03372,WP2653
P03372,WP5318
P03372,WP5322
P03372,WP4545
P03372,WP5368
P03886,WP4324
P03886,WP1902
P03891,WP4324
P03891,WP1902
P03897,WP1902
P03901,WP4324
P03905,WP4324
P03905,WP1902
P03915,WP4324
P03915,WP1902
P03923,WP4324
P03923,WP1902
P03951,WP1818
P03951,WP2806
P03952,WP2769
P03952,WP1818
P04003,WP1798
P04004,WP1798
P04004,WP2787
P04004,WP2703
P04004,WP2666
P04004,WP5345
P04035,WP4189
P04035,WP4190
P04035,WP5011
P04035,WP5238
P04035,WP5220
P04040,WP2824
P04040,WP4442
P04040,WP4049
P04040,WP4999
P04049,WP1895
P04049,WP1981
P04049,WP5098
P04049,WP1823
P04049,WP2643
P04049,WP2735
P04049,WP3354
P04049,WP4098
P04049,WP2526
P04049,WP5344
P04049,WP5366
P04054,WP2740
P04054,WP4857
P04070,WP1794
P04070,WP2762
P04070,WP2799
P04070,WP4110
P04070,WP1818
P04070,WP5186
P04075,WP4093
P04075,WP1903
P04075,WP4049
P04075,WP1946
P04080,WP4049
P04083,WP4423
P04083,WP4419
P04083,WP3811
P04083,WP4066
P04083,WP4424
P04114,WP1885
P04114,WP1794
P04114,WP4129
P04114,WP2799
P04114,WP5066
P04114,WP4110
P04114,WP4065
P04114,WP3839
P04114,WP4069
P04114,WP3601
P04114,WP2784
P04114,WP4522
P04150,WP4414
P04150,WP4447
P04150,WP4058
P04150,WP1797
P04150,WP2840
P04150,WP4437
P04150,WP4999
P04155,WP4432
P04156,WP5013
P04156,WP1866
P04181,WP4595
P04181,WP5026
P04181,WP4992
P04181,WP497
P04196,WP1802
P04196,WP1903
P04217,WP1903
P04217,WP4049
P04264,WP4049
P04271,WP1781
P04271,WP2781
P04271,WP2656
P04271,WP1904
P04279,WP4101
P04406,WP4093
P04626,WP4086
P04626,WP2780
P04626,WP1907
P04626,WP2735
P04626,WP2653
P04626,WP5287
P04629,WP3594
P04629,WP1873
P04629,WP5373
P04637,WP2263
P04637,WP3823
P04637,WP1892
P04637,WP3816
P04637,WP3998
P04637,WP4107
P04637,WP3808
P04637,WP3959
P04637,WP3824
P04637,WP4102
P04637,WP3565
P04637,WP3349
P04637,WP5098
P04637,WP4995
P04637,WP2786
P04637,WP3308
P04637,WP3838
P04637,WP3804
P04637,WP4066
P04637,WP1815
P04637,WP3798
P04637,WP3594
P04637,WP1775
P04637,WP5220
P04637,WP5044
P04637,WP4016
P04637,WP3807
P04637,WP5055
P04637,WP1859
P04637,WP3404
P04637,WP3802
P04637,WP4047
P04637,WP3543
P04637,WP1841
P04637,WP5322
P04637,WP1971
P04637,WP5288
P04637,WP1984
P04637,WP5242
P04637,WP5381
P04731,WP3814
P04746,WP4104
P04818,WP4584
P04818,WP4688
P04818,WP1858
P04818,WP4059
P04818,WP3594
P04818,WP4259
P04818,WP4225
P04839,WP3396
P04839,WP2824
P04839,WP4049
P04839,WP3577
P04839,WP3551
P04839,WP1919
P04839,WP5356
P05023,WP3810
P05023,WP4098
P05067,WP1781
P05067,WP5013
P05067,WP4423
P05067,WP4419
P05067,WP5124
P05067,WP1903
P05067,WP3578
P05067,WP4115
P05067,WP2799
P05067,WP4110
P05067,WP2656
P05067,WP1904
P05067,WP2763
P05067,WP2059
P05067,WP3547
P05067,WP4424
P05067,WP5372
P05067,WP5381
P05089,WP4571
P05089,WP4595
P05089,WP4049
P05089,WP4973
P05089,WP4583
P05089,WP497
P05089,WP5078
P05089,WP5355
P05090,WP5012
P05090,WP1937
P05091,WP465
P05091,WP1870
P05091,WP4085
P05093,WP4524
P05093,WP2749
P05093,WP5320
P05093,WP5277
P05093,WP5393
P05106,WP4431
P05106,WP1794
P05106,WP1903
P05106,WP2787
P05106,WP1843
P05106,WP2735
P05106,WP2703
P05106,WP1919
P05106,WP2666
P05108,WP4085
P05108,WP2749
P05108,WP5320
P05108,WP5277
P05109,WP3396
P05109,WP4101
P05109,WP4049
P05109,WP4069
P05121,WP3355
P05121,WP2755
P05121,WP1802
P05121,WP1903
P05121,WP3594
P05121,WP2703
P05121,WP5242
P05121,WP5382
P05129,WP1903
P05129,WP4459
P05129,WP1978
P05129,WP3558
P05129,WP3594
P05129,WP2688
P05141,WP2684
P05141,WP1937
P05141,WP5355
P05155,WP1798
P05155,WP1903
P05155,WP1818
P05164,WP4991
P05164,WP4049
P05164,WP5347
P05165,WP5031
P05165,WP1857
P05165,WP4034
P05165,WP4686
P05166,WP5031
P05166,WP1857
P05166,WP4034
P05166,WP4686
P05177,WP4111
P05177,WP4085
P05177,WP2650
P05177,WP4439
P05177,WP3306
P05177,WP5324
P05177,WP5276
P05181,WP4085
P05181,WP4439
P05230,WP3338
P05230,WP3334
P05230,WP4448
P05230,WP3336
P05230,WP3335
P05230,WP2735
P05230,WP2839
P05230,WP2653
P05231,WP3391
P05231,WP2799
P05231,WP4122
P05231,WP5183
P05231,WP4063
P05231,WP4995
P05231,WP4110
P05231,WP4066
P05231,WP3332
P05231,WP3591
P05231,WP3594
P05231,WP5055
P05231,WP4993
P05231,WP5078
P05231,WP5347
P05231,WP5242
P05362,WP1829
P05362,WP1836
P05362,WP4063
P05362,WP4066
P05362,WP5055
P05362,WP5288
P05412,WP1845
P05412,WP3808
P05412,WP3391
P05412,WP5005
P05412,WP4115
P05412,WP2759
P05412,WP5098
P05412,WP3877
P05412,WP2786
P05412,WP3307
P05412,WP2840
P05412,WP3813
P05412,WP3594
P05412,WP3404
P05412,WP4432
P05412,WP2526
P05412,WP4047
P05412,WP5322
P05412,WP5288
P05412,WP5381
P05452,WP1903
P05546,WP2799
P05546,WP4110
P05546,WP1818
P05771,WP2654
P05771,WP5121
P05771,WP1903
P05771,WP4459
P05771,WP3558
P05771,WP3396
P05771,WP2746
P05771,WP1919
P05771,WP4105
P06213,WP1913
P06213,WP3635
P06213,WP3634
P06213,WP5181
P06213,WP2653
P06213,WP5288
P06213,WP5385
P06239,WP2694
P06239,WP1794
P06239,WP1927
P06239,WP2713
P06239,WP5098
P06239,WP1799
P06239,WP2732
P06239,WP5016
P06239,WP2684
P06239,WP1826
P06239,WP2653
P06241,WP2694
P06241,WP1794
P06241,WP3309
P06241,WP2719
P06241,WP1867
P06241,WP2780
P06241,WP2746
P06241,WP1907
P06241,WP2759
P06241,WP2713
P06241,WP5098
P06241,WP5000
P06241,WP1799
P06241,WP5016
P06241,WP2684
P06241,WP4083
P06241,WP2735
P06241,WP3354
P06241,WP1840
P06241,WP1919
P06241,WP1883
P06241,WP1866
P06241,WP1826
P06241,WP4993
P06241,WP2653
P06276,WP1870
P06276,WP2740
P06276,WP3436
P06280,WP4049
P06280,WP5292
P06280,WP2788
P06396,WP1784
P06396,WP4049
P06401,WP4447
P06401,WP2781
P06401,WP4058
P06401,WP1822
P06401,WP4432
P06493,WP2263
P06493,WP2654
P06493,WP4415
P06493,WP4102
P06493,WP3804
P06493,WP3307
P06493,WP2757
P06493,WP1858
P06493,WP3332
P06493,WP4124
P06493,WP4109
P06493,WP1775
P06493,WP4016
P06493,WP3289
P06493,WP3807
P06493,WP1859
P06493,WP2652
P06493,WP3498
P06493,WP5322
P06493,WP1971
P06493,WP5288
P06493,WP5381
P06702,WP3396
P06702,WP4101
P06702,WP4049
P06702,WP4069
P06702,WP5055
P06703,WP5055
P06727,WP4129
P06727,WP3839
P06732,WP5002
P06732,WP497
P06733,WP4093
P06744,WP4093
P06744,WP3349
P06744,WP4049
P06744,WP5220
P06744,WP5312
P06746,WP3345
P06746,WP4102
P06746,WP4016
P06756,WP1794
P06756,WP2787
P06756,WP1843
P06756,WP4049
P06756,WP3577
P06756,WP2703
P06756,WP1919
P06756,WP2666
P06858,WP4129
P06858,WP2751
P06858,WP3839
P06870,WP2799
P07098,WP4104
P07101,WP3591
P07101,WP3594
P07101,WP3548
P07101,WP4156
P07101,WP4220
P07101,WP5376
P07195,WP4595
P07195,WP2766
P07195,WP4236
P07195,WP5314
P07202,WP3548
P07203,WP2824
P07203,WP2650
P07203,WP4042
P07204,WP1794
P07204,WP1818
P07225,WP1794
P07225,WP1798
P07225,WP1903
P07225,WP2762
P07225,WP1818
P07225,WP5186
P07237,WP4129
P07237,WP2824
P07237,WP2799
P07237,WP3401
P07237,WP4052
P07237,WP4110
P07237,WP2725
P07288,WP2799
P07288,WP3397
P07327,WP2712
P07327,WP4085
P07327,WP5188
P07327,WP4421
P07332,WP1907
P07332,WP2713
P07333,WP4995
P07333,WP4041
P07355,WP1802
P07355,WP4100
P07355,WP4049
P07355,WP3811
P07355,WP4522
P07357,WP1798
P07359,WP1884
P07359,WP1823
P07359,WP1818
P07359,WP1883
P07359,WP4132
P07360,WP1798
P07437,WP4049
P07437,WP4124
P07437,WP1859
P07437,WP2652
P07437,WP3498
P07437,WP5366
P07451,WP2770
P07550,WP4419
P07550,WP4427
P07550,WP4102
P07550,WP4065
P07550,WP4993
P07550,WP4589
P07550,WP5344
P07686,WP5299
P07686,WP4049
P07686,WP2743
P07686,WP4153
P07686,WP2788
P07711,WP5020
P07711,WP5021
P07711,WP2798
P07711,WP2679
P07711,WP2708
P07711,WP4846
P07711,WP3577
P07711,WP2774
P07711,WP4105
P07711,WP2709
P07741,WP4082
P07741,WP4049
P07741,WP4792
P07741,WP4224
P07814,WP1938
P07814,WP3791
P07814,WP3561
P07864,WP2766
P07864,WP4236
P07900,WP4972
P07900,WP1910
P07900,WP3395
P07900,WP3571
P07900,WP2719
P07900,WP2683
P07900,WP2780
P07900,WP4990
P07900,WP1907
P07900,WP4977
P07900,WP1850
P07900,WP4049
P07900,WP4066
P07900,WP4058
P07900,WP4124
P07900,WP1919
P07900,WP5047
P07900,WP1859
P07900,WP5022
P07900,WP2652
P07900,WP4986
P07900,WP4432
P07900,WP3360
P07900,WP3498
P07900,WP2784
P07947,WP1794
P07947,WP3309
P07947,WP2719
P07947,WP2780
P07947,WP4415
P07947,WP2713
P07947,WP5000
P07947,WP1799
P07947,WP1840
P07947,WP4993
P07948,WP1794
P07948,WP3309
P07948,WP2719
P07948,WP2746
P07948,WP2759
P07948,WP2713
P07948,WP5000
P07948,WP1799
P07948,WP1858
P07948,WP3354
P07948,WP1840
P07948,WP1883
P07948,WP1826
P07948,WP2657
P07948,WP4993
P07948,WP4458
P07949,WP2735
P07949,WP4095
P07998,WP4972
P07998,WP4976
P08069,WP4977
P08069,WP2677
P08069,WP5288
P08069,WP5385
P08100,WP4423
P08100,WP4419
P08100,WP4124
P08100,WP2776
P08100,WP3498
P08172,WP4423
P08172,WP4419
P08172,WP4065
P08173,WP4423
P08173,WP4419
P08174,WP4420
P08174,WP1798
P08174,WP4441
P08174,WP4049
P08183,WP2712
P08183,WP1780
P08183,WP2489
P08183,WP5396
P08183,WP5176
P08185,WP2749
P08235,WP4447
P08235,WP4058
P08243,WP4975
P08243,WP2753
P08243,WP4978
P08243,WP4979
P08253,WP2769
P08253,WP3309
P08253,WP2708
P08253,WP2799
P08253,WP4977
P08253,WP4066
P08253,WP5144
P08253,WP2774
P08253,WP5055
P08253,WP5288
P08263,WP1852
P08263,WP4111
P08319,WP4085
P08319,WP4421
P08473,WP4049
P08473,WP2729
P08514,WP4431
P08514,WP1903
P08514,WP1843
P08514,WP2735
P08514,WP2703
P08514,WP4132
P08519,WP4129
P08559,WP3614
P08559,WP2766
P08559,WP4421
P08559,WP3562
P08559,WP5220
P08581,WP1907
P08581,WP5144
P08581,WP4453
P08581,WP2735
P08581,WP4120
P08581,WP4119
P08581,WP2653
P08588,WP4419
P08588,WP4427
P08588,WP4993
P08588,WP4589
P08588,WP5344
P08603,WP1798
P08620,WP3338
P08620,WP3334
P08620,WP4448
P08620,WP3336
P08620,WP3335
P08620,WP2735
P08620,WP2653
P08631,WP2719
P08631,WP5000
P08631,WP5016
P08631,WP2684
P08631,WP1840
P08631,WP4993
P08684,WP2536
P08684,WP4085
P08684,WP4174
P08684,WP4439
P08684,WP3306
P08684,WP5324
P08684,WP4545
P08684,WP5276
P08684,WP5280
P08684,WP5393
P08686,WP4085
P08686,WP2749
P08686,WP5279
P08686,WP5277
P08686,WP5280
P08697,WP1802
P08697,WP1903
P08700,WP1840
P08700,WP4105
P08758,WP1903
P08865,WP2737
P08865,WP1813
P08865,WP3797
P08865,WP2683
P08865,WP1811
P08865,WP4975
P08865,WP1812
P08865,WP3791
P08865,WP2710
P08865,WP1918
P08908,WP4419
P08912,WP4419
P08912,WP4424
P08913,WP4423
P08913,WP4419
P08913,WP1831
P08913,WP4422
P08913,WP1884
P08913,WP3579
P08913,WP4589
P09038,WP3338
P09038,WP3334
P09038,WP2787
P09038,WP4448
P09038,WP3336
P09038,WP4304
P09038,WP3335
P09038,WP4066
P09038,WP2735
P09038,WP2703
P09038,WP3333
P09038,WP2653
P09110,WP4442
P09110,WP4049
P09110,WP2724
P09110,WP4433
P09110,WP1878
P09110,WP1941
P09172,WP3548
P09172,WP4156
P09172,WP4220
P09172,WP5376
P09210,WP4111
P09210,WP4100
P09211,WP4111
P09211,WP2824
P09211,WP4049
P09417,WP4981
P09417,WP4156
P09417,WP4259
P09429,WP1781
P09429,WP1784
P09429,WP4049
P09429,WP2656
P09429,WP4069
P09429,WP5055
P09429,WP1904
P09455,WP3839
P09455,WP2776
P09486,WP1903
P09486,WP2781
P09486,WP2703
P09486,WP2784
P09486,WP5382
P09488,WP4111
P09601,WP5013
P09601,WP1852
P09601,WP2670
P09601,WP4066
P09619,WP1916
P09619,WP2735
P09619,WP5055
P09619,WP2653
P09622,WP3556
P09622,WP5004
P09622,WP2766
P09622,WP4421
P09622,WP3562
P09622,WP5220
P09622,WP5028
P09622,WP4686
P09669,WP3349
P09669,WP1902
P09769,WP1885
P09769,WP2719
P09769,WP5000
P09769,WP4049
P09769,WP4993
P09874,WP2755
P09874,WP3345
P09874,WP3327
P09874,WP3959
P09874,WP2683
P09874,WP1980
P09874,WP4016
P09874,WP3570
P09884,WP1928
P09884,WP1858
P09884,WP4461
P09884,WP1925
P09917,WP5315
P09917,WP4434
P09917,WP4586
P09917,WP167
P09917,WP4049
P09917,WP2650
P09917,WP4066
P09917,WP4440
P09917,WP4439
P09917,WP4438
P09917,WP1839
P09917,WP4444
P09960,WP167
P09960,WP4049
P09960,WP2650
P09960,WP4440
P09960,WP4439
P0C0L5,WP1798
P0CG29,WP4111
P0CG30,WP4111
P0DP23,WP1885
P0DP23,WP4456
P0DP23,WP1903
P0DP23,WP5200
P0DP23,WP1978
P0DP23,WP3330
P0DP23,WP3558
P0DP23,WP3390
P0DP23,WP4990
P0DP23,WP2741
P0DP23,WP3331
P0DP23,WP2746
P0DP23,WP2759
P0DP23,WP4977
P0DP23,WP4072
P0DP23,WP1850
P0DP23,WP3811
P0DP23,WP3351
P0DP23,WP4453
P0DP23,WP3810
P0DP23,WP4073
P0DP23,WP2735
P0DP23,WP2688
P0DP23,WP3354
P0DP23,WP1919
P0DP23,WP4098
P0DP23,WP2776
P0DP23,WP4993
P0DP23,WP1936
P0DP23,WP2777
P0DP23,WP5235
P0DP23,WP5360
P10109,WP4085
P10109,WP2749
P10109,WP2702
P10176,WP3349
P10176,WP1902
P10253,WP4072
P10253,WP4049
P10275,WP4415
P10275,WP4447
P10275,WP4102
P10275,WP4058
P10275,WP3397
P10275,WP1822
P10275,WP1984
P10276,WP4447
P10276,WP4421
P10276,WP3813
P10276,WP1822
P10276,WP5001
P10412,WP1784
P10412,WP3565
P10415,WP2263
P10415,WP4861
P10415,WP4977
P10415,WP4066
P10415,WP5055
P10415,WP4432
P10415,WP2763
P10415,WP1841
P10415,WP1971
P10415,WP1984
P10515,WP2766
P10515,WP4421
P10515,WP3591
P10515,WP3562
P10515,WP5220
P10606,WP3349
P10606,WP1902
P10620,WP4111
P10620,WP4049
P10620,WP3306
P10632,WP4085
P10632,WP2650
P10632,WP4439
P10632,WP2491
P10632,WP5324
P10632,WP5276
P10635,WP4085
P10635,WP4439
P10636,WP1784
P10636,WP5372
P10696,WP1887
P10721,WP4086
P10721,WP2713
P10721,WP2735
P10721,WP2653
P10768,WP4111
P10809,WP4086
P10809,WP2717
P10826,WP4421
P10826,WP3813
P10826,WP1822
P10827,WP4746
P10827,WP1822
P10828,WP4447
P10828,WP2849
P10828,WP1822
P10909,WP1798
P10909,WP1903
P10909,WP4101
P10915,WP2703
P10997,WP4420
P10997,WP4427
P10997,WP3513
P10997,WP4993
P11021,WP1939
P11021,WP4861
P11021,WP3395
P11021,WP1903
P11021,WP2655
P11021,WP3577
P11142,WP4972
P11142,WP3395
P11142,WP3578
P11142,WP2733
P11142,WP1843
P11142,WP4976
P11142,WP1889
P11142,WP4049
P11142,WP4065
P11142,WP4066
P11142,WP4058
P11142,WP4073
P11142,WP4985
P11142,WP2685
P11168,WP4035
P11168,WP4043
P11168,WP1831
P11168,WP3513
P11177,WP2766
P11177,WP4421
P11177,WP3562
P11177,WP5220
P11216,WP4072
P11216,WP4049
P11216,WP500
P11217,WP4072
P11217,WP500
P11229,WP4419
P11229,WP3594
P11229,WP4424
P11274,WP3335
P11274,WP1917
P11309,WP2849
P11309,WP4066
P11309,WP5016
P11310,WP4034
P11310,WP2797
P11310,WP5318
P11310,WP5123
P11362,WP3335
P11362,WP5055
P11362,WP5312
P11362,WP5373
P11387,WP3805
P11387,WP3594
P11388,WP3805
P11388,WP1858
P11388,WP3594
P11413,WP4050
P11413,WP3349
P11473,WP4447
P11473,WP5273
P11473,WP1822
P11473,WP3685
P11474,WP4414
P11474,WP3331
P11474,WP1822
P11474,WP2797
P11474,WP5318
P11498,WP4093
P11498,WP5031
P11498,WP1857
P11511,WP4463
P11511,WP4085
P11511,WP2749
P11511,WP5320
P11511,WP5368
P11511,WP5276
P11586,WP3806
P11586,WP4259
P11678,WP4049
P11712,WP4085
P11712,WP5273
P11712,WP2650
P11712,WP4174
P11712,WP4439
P11712,WP5324
P11712,WP5276
P11766,WP4085
P11802,WP2263
P11802,WP2772
P11802,WP4096
P11802,WP3998
P11802,WP3391
P11802,WP2751
P11802,WP4415
P11802,WP3308
P11802,WP1858
P11802,WP3594
P11802,WP5001
P11802,WP4437
P11802,WP2698
P11802,WP3404
P11802,WP5322
P11802,WP1971
P11802,WP1984
P11802,WP5385
P11926,WP3555
P11926,WP497
P12004,WP3345
P12004,WP1928
P12004,WP3567
P12004,WP3805
P12004,WP3959
P12004,WP1803
P12004,WP3804
P12004,WP1858
P12004,WP1980
P12004,WP4055
P12004,WP4016
P12004,WP3381
P12004,WP1925
P12104,WP4131
P12235,WP2684
P12235,WP2717
P12235,WP1937
P12268,WP4084
P12268,WP4049
P12277,WP4584
P12277,WP5190
P12277,WP5002
P12277,WP497
P12724,WP4101
P12724,WP4049
P12814,WP2787
P12814,WP1793
P12821,WP5038
P12821,WP5183
P12821,WP2729
P12931,WP4423
P12931,WP4431
P12931,WP1910
P12931,WP4427
P12931,WP4452
P12931,WP4107
P12931,WP2780
P12931,WP4415
P12931,WP4977
P12931,WP2643
P12931,WP2781
P12931,WP1916
P12931,WP1868
P12931,WP4436
P12931,WP5144
P12931,WP2735
P12931,WP4120
P12931,WP5289
P12931,WP2526
P12931,WP4119
P12931,WP1918
P12931,WP4117
P12931,WP2653
P12931,WP5322
P12931,WP5288
P13073,WP3349
P13073,WP1902
P13196,WP1852
P13196,WP3331
P13196,WP2797
P13498,WP5005
P13498,WP3396
P13498,WP2824
P13498,WP4049
P13498,WP3577
P13498,WP3551
P13498,WP1919
P13500,WP5272
P13500,WP4419
P13500,WP4063
P13500,WP4066
P13500,WP2753
P13500,WP5055
P13500,WP5288
P13500,WP5242
P13500,WP5287
P13569,WP4972
P13569,WP1780
P13569,WP4102
P13569,WP4976
P13569,WP3322
P13569,WP4986
P13611,WP2799
P13611,WP4110
P13611,WP2743
P13631,WP4421
P13631,WP2853
P13631,WP3813
P13631,WP1822
P13637,WP3810
P13637,WP4098
P13639,WP2762
P13639,WP1811
P13639,WP4049
P13639,WP4073
P13639,WP3360
P13674,WP2725
P13674,WP5312
P13693,WP5055
P13716,WP1852
P13716,WP4049
P13945,WP4746
P13945,WP4419
P13945,WP4427
P13945,WP4993
P13995,WP3806
P13995,WP4259
P14060,WP2749
P14060,WP5320
P14060,WP5368
P14060,WP5277
P14060,WP5393
P14061,WP2749
P14061,WP2776
P14061,WP5368
P14061,WP5276
P14061,WP5393
P14207,WP3806
P14207,WP1887
P14324,WP4190
P14324,WP2706
P14324,WP1795
P14410,WP4104
P14416,WP4419
P14416,WP3591
P14416,WP3594
P14550,WP4068
P14550,WP4111
P14555,WP2740
P14555,WP4101
P14555,WP2533
P14598,WP3396
P14598,WP2824
P14598,WP3577
P14598,WP3551
P14598,WP1919
P14618,WP4049
P14618,WP5220
P14625,WP2799
P14625,WP2655
P14625,WP4110
P14625,WP4066
P14625,WP2709
P14625,WP2784
P14679,WP3998
P14679,WP3377
P14735,WP4102
P14735,WP4442
P14770,WP1884
P14770,WP1823
P14770,WP1818
P14770,WP1883
P14780,WP2798
P14780,WP2769
P14780,WP3309
P14780,WP2708
P14780,WP2713
P14780,WP4977
P14780,WP4049
P14780,WP4066
P14780,WP5144
P14780,WP2774
P14780,WP5055
P14780,WP5322
P14780,WP5288
P14854,WP3349
P14854,WP1902
P14866,WP1889
P14867,WP2781
P14867,WP4457
P14902,WP465
P14902,WP4994
P14902,WP5044
P14902,WP4210
P14902,WP5078
P14920,WP4442
P14920,WP3562
P14920,WP5166
P14923,WP4049
P14923,WP1793
P14923,WP1919
P14923,WP4087
P14923,WP3658
P15056,WP3338
P15056,WP3334
P15056,WP3336
P15056,WP3335
P15056,WP2735
P15056,WP1873
P15056,WP1984
P15056,WP5385
P15086,WP2729
P15104,WP4992
P15104,WP1872
P15104,WP5083
P15121,WP4039
P15121,WP2749
P15121,WP98
P15144,WP4049
P15144,WP2729
P15153,WP3558
P15153,WP3396
P15153,WP3551
P15153,WP1826
P15153,WP1917
P15153,WP2653
P15169,WP1798
P15313,WP1913
P15313,WP2670
P15313,WP3551
P15313,WP5015
P15313,WP4098
P15328,WP4430
P15328,WP3560
P15328,WP4441
P15328,WP4259
P15336,WP1845
P15336,WP4096
P15336,WP3808
P15336,WP3331
P15336,WP4982
P15336,WP1797
P15336,WP4975
P15336,WP4432
P15336,WP4047
P15382,WP3810
P15428,WP4434
P15428,WP4440
P15428,WP4439
P15502,WP5055
P15502,WP2666
P15531,WP2853
P15531,WP4059
P15538,WP4085
P15538,WP2749
P15538,WP5279
P15538,WP5280
P15538,WP5393
P15559,WP3555
P15559,WP5186
P15692,WP4086
P15692,WP2727
P15692,WP4066
P15692,WP5144
P15692,WP1919
P15692,WP5055
P15692,WP1539
P15692,WP5078
P15814,WP1794
P15880,WP4096
P15880,WP2737
P15880,WP1813
P15880,WP3797
P15880,WP2683
P15880,WP1811
P15880,WP4975
P15880,WP1812
P15880,WP4073
P15880,WP3828
P15880,WP3791
P15880,WP2710
P15880,WP1918
P15924,WP1784
P15924,WP4049
P15924,WP4087
P15924,WP5322
P15954,WP3349
P15954,WP1902
P16066,WP4746
P16066,WP3810
P16066,WP5344
P16070,WP1794
P16070,WP1836
P16070,WP4049
P16070,WP2774
P16070,WP2743
P16070,WP5322
P16083,WP4085
P16152,WP167
P16152,WP5280
P16219,WP4034
P16219,WP5123
P16220,WP5272
P16220,WP1845
P16220,WP1978
P16220,WP1981
P16220,WP3331
P16220,WP4977
P16220,WP2718
P16220,WP4982
P16220,WP1797
P16220,WP4453
P16220,WP3594
P16220,WP2688
P16220,WP5001
P16220,WP5231
P16220,WP1866
P16220,WP4993
P16220,WP2664
P16220,WP2653
P16220,WP5014
P16220,WP1873
P16233,WP4104
P16233,WP3839
P16234,WP1916
P16234,WP2735
P16234,WP2839
P16234,WP1539
P16234,WP2653
P16389,WP5200
P16435,WP4524
P16435,WP4085
P16435,WP4523
P16435,WP5393
P16444,WP4518
P16444,WP167
P16444,WP2650
P16444,WP3306
P16444,WP4993
P16444,WP4157
P16455,WP1804
P16499,WP3558
P16499,WP2776
P16581,WP1794
P16591,WP2713
P16591,WP1984
P16615,WP1885
P16615,WP2786
P16615,WP3810
P16615,WP4098
P16860,WP4746
P17050,WP5302
P17174,WP4093
P17174,WP3574
P17174,WP4595
P17174,WP4504
P17174,WP5220
P17174,WP4979
P17174,WP4583
P17252,WP2654
P17252,WP1831
P17252,WP5121
P17252,WP1903
P17252,WP4459
P17252,WP5200
P17252,WP1978
P17252,WP2787
P17252,WP2780
P17252,WP3558
P17252,WP2733
P17252,WP3396
P17252,WP2713
P17252,WP2688
P17252,WP1919
P17252,WP2776
P17252,WP2664
P17252,WP1918
P17252,WP4095
P17252,WP5360
P17302,WP1820
P17405,WP2788
P17405,WP4725
P17516,WP3839
P17516,WP1788
P17516,WP5279
P17516,WP5280
P17516,WP5393
P17516,WP5176
P17540,WP5002
P17568,WP4324
P17568,WP1902
P17612,WP4093
P17612,WP4129
P17612,WP1831
P17612,WP1978
P17612,WP2662
P17612,WP3316
P17612,WP3307
P17612,WP4131
P17612,WP4124
P17612,WP1815
P17612,WP4453
P17612,WP3810
P17612,WP2688
P17612,WP1840
P17612,WP1919
P17612,WP1859
P17612,WP2652
P17612,WP4993
P17612,WP1918
P17612,WP3498
P17612,WP4095
P17612,WP5344
P17612,WP5158
P17707,WP3555
P17735,WP4506
P17735,WP4981
P17752,WP465
P17752,WP4982
P17752,WP3594
P17752,WP3548
P17752,WP4220
P17787,WP3591
P17787,WP3594
P17787,WP4454
P17812,WP4059
P17936,WP2799
P17936,WP4110
P17936,WP3802
P17948,WP5144
P17948,WP1919
P17948,WP5385
P18089,WP4423
P18089,WP4419
P18089,WP4422
P18089,WP1884
P18089,WP4589
P18405,WP2749
P18405,WP5320
P18405,WP5279
P18405,WP5277
P18405,WP5280
P18405,WP5393
P18505,WP2781
P18505,WP4457
P18507,WP2781
P18507,WP4457
P18545,WP3558
P18545,WP2776
P18669,WP4093
P18669,WP4049
P18825,WP4423
P18825,WP4419
P18825,WP1831
P18825,WP4422
P18825,WP1884
P18825,WP3579
P18825,WP4589
P18846,WP1845
P18846,WP4982
P18846,WP1873
P18846,WP1984
P18847,WP4975
P18847,WP2753
P18847,WP4978
P18848,WP5272
P18848,WP1939
P18848,WP4861
P18848,WP2655
P18848,WP4975
P18848,WP3594
P18848,WP2753
P18848,WP4978
P18850,WP1939
P18850,WP4861
P18850,WP2655
P18850,WP2753
P18858,WP3345
P18858,WP1928
P18858,WP1980
P18858,WP3381
P18858,WP2658
P18858,WP1925
P19099,WP4085
P19099,WP2749
P19099,WP5279
P19099,WP5280
P19113,WP4988
P19320,WP1829
P19320,WP1836
P19320,WP4066
P19320,WP5288
P19404,WP4324
P19404,WP1902
P19440,WP4111
P19440,WP4518
P19440,WP167
P19440,WP2650
P19440,WP3306
P19440,WP4993
P19525,WP4861
P19525,WP2672
P19525,WP2683
P19525,WP32
P19634,WP2743
P19634,WP1936
P19784,WP3549
P19784,WP1892
P19784,WP2740
P19784,WP1843
P19784,WP3838
P19784,WP3339
P19784,WP2652
P19784,WP4105
P19784,WP4047
P19793,WP3355
P19793,WP4085
P19793,WP3370
P19793,WP2751
P19793,WP5012
P19793,WP4447
P19793,WP3331
P19793,WP2766
P19793,WP2706
P19793,WP4421
P19793,WP5238
P19793,WP1797
P19793,WP3813
P19793,WP1822
P19793,WP5001
P19793,WP1788
P19793,WP4061
P19793,WP2797
P19801,WP4085
P19801,WP4049
P19835,WP4104
P19838,WP5272
P19838,WP4998
P19838,WP5174
P19838,WP4096
P19838,WP1838
P19838,WP5132
P19838,WP2794
P19838,WP5200
P19838,WP3391
P19838,WP2751
P19838,WP1981
P19838,WP1927
P19838,WP2746
P19838,WP4331
P19838,WP3656
P19838,WP2759
P19838,WP5098
P19838,WP4995
P19838,WP4049
P19838,WP5260
P19838,WP5144
P19838,WP2840
P19838,WP2792
P19838,WP4443
P19838,WP2656
P19838,WP3354
P19838,WP2839
P19838,WP5055
P19838,WP1839
P19838,WP1904
P19838,WP2763
P19838,WP5014
P19838,WP2637
P19838,WP5322
P19838,WP5288
P19838,WP1984
P19838,WP5158
P19838,WP5242
P19838,WP5336
P19838,WP5381
P19878,WP3396
P19878,WP2824
P19878,WP3577
P19878,WP3551
P19878,WP1919
P19971,WP4584
P19971,WP4082
P19971,WP4042
P19971,WP4225
P20020,WP1885
P20020,WP3810
P20020,WP4098
P20061,WP4049
P20061,WP1857
P20061,WP4271
P20132,WP3803
P20309,WP4419
P20309,WP1831
P20309,WP4424
P20594,WP3810
P20618,WP3398
P20618,WP2772
P20618,WP4107
P20618,WP3558
P20618,WP2773
P20618,WP1780
P20618,WP2733
P20618,WP4414
P20618,WP1927
P20618,WP4102
P20618,WP2746
P20618,WP2759
P20618,WP3401
P20618,WP3316
P20618,WP4121
P20618,WP1896
P20618,WP2727
P20618,WP3545
P20618,WP4049
P20618,WP3577
P20618,WP3307
P20618,WP2757
P20618,WP1858
P20618,WP4109
P20618,WP2684
P20618,WP2735
P20618,WP1775
P20618,WP3354
P20618,WP2721
P20618,WP4461
P20618,WP1859
P20618,WP3339
P20618,WP3555
P20618,WP1839
P20618,WP4105
P20618,WP3313
P20618,WP1918
P20618,WP4047
P20618,WP1925
P20648,WP4098
P20674,WP3349
P20674,WP1902
P20701,WP1794
P20701,WP4107
P20701,WP1829
P20701,WP4049
P20711,WP3594
P20711,WP3548
P20711,WP4220
P20711,WP5376
P20813,WP4085
P20813,WP2491
P20815,WP4085
P20815,WP3306
P20815,WP5276
P20839,WP4084
P20839,WP4049
P20839,WP4792
P20839,WP4224
P20851,WP1798
P21266,WP4111
P21281,WP1913
P21281,WP2670
P21281,WP3551
P21281,WP5015
P21281,WP4098
P21283,WP1913
P21283,WP2670
P21283,WP3551
P21283,WP5015
P21283,WP4098
P21397,WP1870
P21397,WP4085
P21397,WP1871
P21397,WP4066
P21397,WP4156
P21453,WP4419
P21453,WP4066
P21462,WP4423
P21462,WP4419
P21462,WP4063
P21462,WP4049
P21549,WP4442
P21549,WP3562
P21549,WP5166
P21554,WP4423
P21554,WP4419
P21589,WP4998
P21589,WP4097
P21589,WP4042
P21589,WP5078
P21695,WP2740
P21695,WP2533
P21709,WP3309
P21709,WP3333
P21728,WP4419
P21728,WP4427
P21728,WP3591
P21728,WP3594
P21728,WP4993
P21796,WP3549
P21796,WP4102
P21796,WP2766
P21796,WP2717
P21796,WP4088
P21802,WP3338
P21802,WP2839
P21802,WP5055
P21802,WP5373
P21817,WP3810
P21817,WP4098
P21917,WP4423
P21917,WP4419
P21917,WP3594
P21918,WP4419
P21918,WP4427
P21918,WP4993
P21964,WP4111
P21964,WP1870
P21964,WP4156
P21964,WP4220
P21964,WP5276
P22033,WP1857
P22033,WP4034
P22033,WP4686
P22033,WP4271
P22102,WP4084
P22102,WP4224
P22303,WP1870
P22303,WP2740
P22303,WP3436
P22303,WP5055
P22309,WP1852
P22309,WP4111
P22309,WP5320
P22352,WP2824
P22455,WP3334
P22455,WP4448
P22455,WP2735
P22455,WP4389
P22455,WP5055
P22455,WP2653
P22455,WP5312
P22455,WP5373
P22557,WP1852
P22570,WP4085
P22570,WP2749
P22570,WP2702
P22607,WP3336
P22607,WP5055
P22607,WP5373
P22626,WP4100
P22626,WP1889
P22694,WP4093
P22694,WP4129
P22694,WP1831
P22694,WP1978
P22694,WP2662
P22694,WP3316
P22694,WP3307
P22694,WP4131
P22694,WP1815
P22694,WP2688
P22694,WP1919
P22694,WP4993
P22694,WP1918
P22694,WP4095
P22748,WP2744
P22748,WP2681
P22748,WP2770
P22748,WP5314
P22792,WP1798
P22830,WP1852
P22888,WP4419
P22888,WP4427
P22888,WP4993
P23141,WP4085
P23141,WP2729
P23141,WP2826
P23219,WP4085
P23219,WP167
P23219,WP5324
P23246,WP3594
P23246,WP4437
P23258,WP4124
P23258,WP1859
P23258,WP2652
P23258,WP3498
P23297,WP4069
P23368,WP2766
P23378,WP3562
P23378,WP5028
P23378,WP5355
P23381,WP1938
P23415,WP2754
P23458,WP2263
P23458,WP1835
P23458,WP2672
P23458,WP4409
P23458,WP4122
P23458,WP1836
P23458,WP4063
P23458,WP4052
P23458,WP4066
P23458,WP3332
P23458,WP2732
P23458,WP3817
P23458,WP2735
P23458,WP1840
P23458,WP4404
P23458,WP4041
P23458,WP2526
P23458,WP2673
P23458,WP1971
P23458,WP1984
P23458,WP5242
P23526,WP3574
P23526,WP4111
P23526,WP3591
P23526,WP4504
P23526,WP3594
P23526,WP4292
P23526,WP3791
P23528,WP1903
P23528,WP3309
P23528,WP2719
P23528,WP4100
P23528,WP1907
P23528,WP3365
P23528,WP5366
P23560,WP3998
P23560,WP4436
P23560,WP4453
P23560,WP5372
P23634,WP1885
P23634,WP3810
P23634,WP4098
P23743,WP1809
P23786,WP4742
P23786,WP4061
P23786,WP2797
P23921,WP4584
P23921,WP4059
P23921,WP4225
P23975,WP1935
P24046,WP4457
P24311,WP3349
P24311,WP1902
P24385,WP2263
P24385,WP2772
P24385,WP4096
P24385,WP3998
P24385,WP4107
P24385,WP4415
P24385,WP5098
P24385,WP4995
P24385,WP4977
P24385,WP2786
P24385,WP4066
P24385,WP1858
P24385,WP2839
P24385,WP4437
P24385,WP4432
P24385,WP3658
P24385,WP4117
P24385,WP5322
P24385,WP1984
P24462,WP4085
P24462,WP5188
P24462,WP5276
P24462,WP5393
P24530,WP4419
P24530,WP4424
P24557,WP4085
P24557,WP167
P24752,WP3556
P24752,WP5175
P24752,WP4190
P24752,WP4742
P24752,WP5195
P24752,WP4113
P24752,WP4686
P24752,WP5355
P24941,WP2263
P24941,WP2772
P24941,WP1928
P24941,WP3567
P24941,WP3391
P24941,WP3565
P24941,WP3838
P24941,WP3804
P24941,WP1858
P24941,WP4109
P24941,WP5144
P24941,WP1815
P24941,WP2516
P24941,WP1775
P24941,WP5001
P24941,WP4016
P24941,WP4461
P24941,WP3807
P24941,WP4437
P24941,WP1859
P24941,WP2698
P24941,WP1925
P24941,WP1971
P24941,WP1984
P24941,WP5385
P25021,WP4419
P25021,WP4427
P25021,WP4993
P25024,WP4423
P25024,WP4419
P25024,WP4049
P25092,WP4104
P25092,WP4103
P25100,WP4419
P25100,WP4426
P25100,WP4589
P25100,WP4424
P25101,WP4419
P25101,WP4424
P25103,WP4419
P25103,WP4065
P25103,WP4424
P25105,WP4419
P25105,WP1836
P25105,WP4063
P25105,WP4049
P25105,WP4424
P25116,WP4419
P25116,WP1818
P25116,WP1929
P25116,WP4424
P25311,WP3320
P25713,WP3814
P25774,WP2798
P25774,WP2679
P25774,WP4049
P25774,WP3577
P25774,WP2774
P25774,WP2709
P25815,WP4049
P25963,WP2583
P25963,WP4449
P25963,WP5132
P25963,WP2794
P25963,WP3851
P25963,WP1927
P25963,WP4102
P25963,WP2746
P25963,WP2759
P25963,WP4329
P25963,WP5098
P25963,WP3849
P25963,WP2516
P25963,WP4443
P25963,WP2656
P25963,WP3354
P25963,WP1839
P25963,WP1904
P25963,WP2526
P25963,WP2637
P25963,WP5288
P26358,WP3305
P26358,WP3312
P26358,WP3359
P26358,WP3585
P26358,WP4446
P26358,WP5366
P26439,WP4524
P26439,WP2749
P26439,WP5320
P26439,WP5277
P26439,WP5393
P26440,WP3556
P26440,WP4686
P26447,WP2840
P27169,WP2650
P27338,WP4085
P27338,WP4156
P27338,WP4157
P27338,WP5372
P27361,WP1781
P27361,WP3338
P27361,WP3388
P27361,WP3859
P27361,WP1845
P27361,WP1913
P27361,WP3395
P27361,WP2672
P27361,WP3869
P27361,WP2719
P27361,WP3334
P27361,WP3391
P27361,WP4415
P27361,WP3396
P27361,WP1843
P27361,WP3336
P27361,WP2759
P27361,WP3335
P27361,WP5098
P27361,WP5000
P27361,WP4977
P27361,WP3308
P27361,WP3332
P27361,WP5144
P27361,WP2735
P27361,WP1866
P27361,WP3404
P27361,WP4432
P27361,WP4074
P27361,WP2657
P27361,WP2664
P27361,WP4047
P27361,WP2653
P27361,WP1929
P27361,WP1873
P27361,WP1841
P27361,WP5158
P27361,WP5242
P27361,WP5385
P27361,WP5366
P27448,WP2735
P27449,WP1913
P27449,WP2670
P27449,WP4049
P27449,WP3551
P27449,WP5015
P27449,WP4098
P27487,WP2728
P27707,WP4082
P27797,WP2683
P27797,WP2655
P27797,WP3577
P27797,WP1785
P27797,WP2784
P27815,WP1978
P27824,WP5020
P27824,WP5021
P27824,WP2679
P27824,WP2683
P27824,WP4052
P27824,WP3577
P27824,WP1785
P27986,WP2747
P27986,WP3338
P27986,WP1910
P27986,WP2694
P27986,WP1794
P27986,WP1913
P27986,WP2249
P27986,WP4452
P27986,WP2719
P27986,WP1867
P27986,WP3334
P27986,WP4448
P27986,WP2780
P27986,WP1927
P27986,WP3336
P27986,WP2746
P27986,WP2759
P27986,WP2713
P27986,WP3335
P27986,WP5098
P27986,WP1823
P27986,WP4977
P27986,WP1799
P27986,WP2781
P27986,WP4066
P27986,WP1916
P27986,WP2677
P27986,WP2732
P27986,WP5016
P27986,WP4436
P27986,WP2735
P27986,WP4120
P27986,WP1840
P27986,WP1919
P27986,WP1826
P27986,WP2526
P27986,WP5181
P27986,WP4458
P27986,WP2673
P27986,WP4095
P27986,WP2653
P27986,WP1873
P27986,WP4424
P28062,WP3398
P28062,WP1835
P28062,WP2772
P28062,WP4107
P28062,WP3558
P28062,WP2773
P28062,WP1780
P28062,WP2733
P28062,WP4414
P28062,WP1927
P28062,WP4102
P28062,WP2746
P28062,WP2759
P28062,WP3401
P28062,WP3316
P28062,WP4121
P28062,WP1896
P28062,WP2727
P28062,WP3545
P28062,WP3577
P28062,WP3307
P28062,WP2757
P28062,WP1858
P28062,WP4109
P28062,WP2684
P28062,WP2735
P28062,WP1775
P28062,WP3354
P28062,WP2721
P28062,WP4461
P28062,WP1859
P28062,WP3339
P28062,WP3555
P28062,WP1839
P28062,WP4105
P28062,WP3313
P28062,WP1918
P28062,WP4047
P28062,WP1925
P28065,WP3398
P28065,WP2772
P28065,WP4107
P28065,WP3558
P28065,WP2773
P28065,WP1780
P28065,WP2733
P28065,WP4414
P28065,WP1927
P28065,WP4102
P28065,WP2746
P28065,WP2759
P28065,WP3401
P28065,WP3316
P28065,WP4121
P28065,WP1896
P28065,WP2727
P28065,WP3545
P28065,WP3577
P28065,WP3307
P28065,WP2757
P28065,WP1858
P28065,WP4109
P28065,WP2684
P28065,WP2735
P28065,WP1775
P28065,WP3354
P28065,WP2721
P28065,WP4461
P28065,WP1859
P28065,WP3339
P28065,WP3555
P28065,WP1839
P28065,WP4105
P28065,WP3313
P28065,WP1918
P28065,WP4047
P28065,WP1925
P28074,WP3398
P28074,WP2772
P28074,WP4107
P28074,WP3558
P28074,WP2773
P28074,WP1780
P28074,WP2733
P28074,WP4414
P28074,WP1927
P28074,WP4102
P28074,WP2746
P28074,WP2759
P28074,WP3401
P28074,WP3316
P28074,WP4121
P28074,WP1896
P28074,WP2727
P28074,WP3545
P28074,WP3577
P28074,WP3307
P28074,WP2757
P28074,WP1858
P28074,WP4109
P28074,WP2684
P28074,WP2735
P28074,WP1775
P28074,WP3354
P28074,WP2721
P28074,WP4461
P28074,WP1859
P28074,WP3339
P28074,WP3555
P28074,WP1839
P28074,WP4105
P28074,WP3313
P28074,WP1918
P28074,WP4047
P28074,WP1925
P28161,WP4111
P28221,WP4423
P28221,WP4419
P28222,WP4423
P28222,WP4419
P28223,WP4419
P28223,WP3591
P28223,WP4424
P28329,WP2740
P28329,WP1871
P28331,WP4324
P28331,WP1902
P28335,WP4419
P28335,WP4424
P28472,WP3998
P28472,WP2781
P28472,WP4457
P28482,WP1781
P28482,WP3338
P28482,WP3388
P28482,WP4746
P28482,WP1845
P28482,WP1913
P28482,WP3395
P28482,WP2654
P28482,WP3869
P28482,WP2719
P28482,WP3334
P28482,WP1978
P28482,WP3391
P28482,WP4415
P28482,WP3396
P28482,WP1843
P28482,WP3336
P28482,WP2759
P28482,WP3335
P28482,WP5098
P28482,WP5000
P28482,WP4977
P28482,WP2643
P28482,WP3308
P28482,WP4049
P28482,WP3332
P28482,WP5144
P28482,WP2735
P28482,WP1866
P28482,WP3404
P28482,WP4432
P28482,WP2657
P28482,WP2664
P28482,WP4047
P28482,WP2653
P28482,WP1929
P28482,WP1873
P28482,WP1841
P28482,WP5322
P28482,WP5158
P28482,WP5242
P28482,WP5385
P28482,WP5366
P28676,WP4049
P28702,WP5012
P28702,WP4421
P28702,WP1822
P28702,WP2797
P28845,WP2749
P28845,WP4545
P28845,WP5279
P28845,WP5280
P28845,WP5393
P29074,WP2775
P29074,WP4453
P29074,WP1839
P29218,WP2741
P29274,WP4419
P29274,WP4427
P29274,WP3579
P29274,WP3591
P29274,WP3594
P29274,WP4993
P29274,WP1873
P29275,WP4419
P29275,WP4427
P29275,WP3579
P29275,WP4993
P29317,WP3309
P29320,WP3309
P29320,WP5347
P29322,WP3309
P29323,WP3309
P29323,WP1843
P29350,WP1835
P29350,WP1885
P29350,WP1794
P29350,WP2746
P29350,WP1836
P29350,WP2713
P29350,WP1799
P29350,WP4049
P29350,WP2732
P29350,WP1840
P29350,WP1826
P29350,WP1839
P29350,WP2657
P29350,WP1909
P29372,WP3345
P29372,WP3399
P29401,WP4050
P29401,WP1831
P29466,WP4998
P29466,WP1838
P29466,WP1839
P29466,WP2763
P29466,WP3802
P29474,WP1885
P29474,WP4595
P29474,WP4990
P29474,WP4977
P29474,WP1850
P29474,WP3551
P29474,WP1919
P29475,WP1885
P29475,WP4595
P29475,WP3551
P29475,WP3810
P29590,WP3816
P29590,WP3327
P29590,WP1836
P29590,WP3594
P29590,WP4016
P29590,WP4450
P29590,WP4047
P29590,WP4117
P29590,WP5014
P29590,WP1984
P29597,WP1835
P29597,WP4122
P29597,WP5098
P29597,WP4063
P29597,WP4052
P29597,WP4066
P29597,WP3332
P29597,WP3817
P29597,WP4041
P29622,WP1903
P29803,WP2766
P29803,WP4421
P29803,WP3562
P29972,WP2744
P29972,WP1877
P29972,WP2662
P29972,WP2681
P30038,WP5009
P30038,WP4595
P30038,WP5026
P30038,WP3562
P30038,WP5166
P30041,WP2824
P30041,WP4049
P30043,WP1852
P30049,WP1902
P30049,WP4106
P30085,WP4059
P30086,WP2735
P30101,WP3577
P30101,WP1785
P30291,WP2772
P30291,WP1858
P30291,WP1815
P30291,WP1775
P30291,WP1859
P30291,WP1984
P30411,WP4423
P30411,WP4419
P30411,WP4424
P30518,WP4419
P30518,WP4427
P30518,WP2662
P30518,WP4065
P30518,WP4993
P30519,WP1852
P30519,WP2670
P30519,WP4049
P30530,WP1919
P30531,WP1935
P30531,WP4159
P30531,WP2685
P30532,WP4454
P30536,WP2749
P30542,WP4423
P30542,WP4419
P30542,WP3591
P30542,WP3594
P30556,WP4419
P30556,WP4799
P30556,WP4065
P30556,WP5133
P30556,WP4424
P30559,WP4419
P30559,WP3591
P30559,WP2889
P30559,WP4424
P30626,WP1885
P30626,WP3810
P30626,WP4098
P30626,WP1936
P30711,WP4111
P30837,WP4085
P30838,WP4085
P30872,WP4423
P30872,WP4419
P30874,WP4423
P30874,WP4419
P30926,WP4049
P30926,WP4454
P30968,WP4419
P30968,WP4424
P30988,WP4420
P30988,WP4427
P30988,WP4993
P31025,WP1937
P31040,WP2766
P31040,WP1902
P31151,WP4101
P31151,WP4049
P31152,WP3307
P31153,WP4111
P31153,WP4224
P31213,WP4524
P31213,WP2749
P31213,WP5320
P31213,WP5279
P31213,WP5277
P31213,WP5280
P31213,WP5393
P31327,WP4571
P31327,WP4595
P31327,WP4973
P31327,WP497
P31327,WP4225
P31327,WP5355
P31350,WP4413
P31350,WP4584
P31350,WP1858
P31350,WP4059
P31350,WP4225
P31391,WP4423
P31391,WP4419
P31639,WP4043
P31644,WP3998
P31644,WP4457
P31645,WP1870
P31645,WP3594
P31749,WP2263
P31749,WP4431
P31749,WP3816
P31749,WP2772
P31749,WP5200
P31749,WP2780
P31749,WP4415
P31749,WP2733
P31749,WP4990
P31749,WP4936
P31749,WP3349
P31749,WP5098
P31749,WP3513
P31749,WP4977
P31749,WP1799
P31749,WP1850
P31749,WP4428
P31749,WP4066
P31749,WP1858
P31749,WP5016
P31749,WP4070
P31749,WP5144
P31749,WP3798
P31749,WP5008
P31749,WP3318
P31749,WP2721
P31749,WP1919
P31749,WP3807
P31749,WP5055
P31749,WP4437
P31749,WP3339
P31749,WP2366
P31749,WP2777
P31749,WP4047
P31749,WP2653
P31749,WP1841
P31749,WP5322
P31749,WP1971
P31749,WP1984
P31749,WP5158
P31749,WP5372
P31749,WP5115
P31749,WP5385
P31937,WP3556
P31937,WP4686
P31939,WP4084
P31939,WP4792
P31939,WP4224
P31939,WP4259
P31943,WP3338
P31943,WP1889
P31946,WP1895
P31946,WP2733
P31946,WP3349
P31946,WP2735
P31946,WP1775
P31946,WP5008
P31946,WP3318
P31946,WP3357
P31946,WP2714
P31946,WP2777
P31946,WP1873
P31946,WP1841
P31946,WP5376
P32004,WP1794
P32004,WP1843
P32004,WP5289
P32119,WP4115
P32119,WP2824
P32119,WP3349
P32119,WP4873
P32238,WP4419
P32238,WP4424
P32239,WP4419
P32239,WP2664
P32239,WP4424
P32245,WP4419
P32245,WP4427
P32245,WP4993
P32297,WP4454
P32322,WP4595
P32322,WP5026
P32322,WP4992
P32322,WP497
P32322,WP5312
P32418,WP1885
P32418,WP3810
P32418,WP1936
P32745,WP4423
P32745,WP4419
P32745,WP4124
P32745,WP3498
P32754,WP4506
P32754,WP4981
P32929,WP3574
P32929,WP4253
P32929,WP4504
P32929,WP3791
P32929,WP5355
P33032,WP4419
P33032,WP4427
P33032,WP4993
P33151,WP5144
P33151,WP1793
P33151,WP1919
P33261,WP4085
P33261,WP2650
P33261,WP2491
P33261,WP5324
P33261,WP5276
P33527,WP1852
P33527,WP1780
P33527,WP1857
P33527,WP2650
P34896,WP4688
P34896,WP4996
P34896,WP3806
P34896,WP4259
P34897,WP4688
P34897,WP3806
P34897,WP4259
P34903,WP4457
P34969,WP4419
P34969,WP4427
P34969,WP3594
P34969,WP4993
P34972,WP4423
P34972,WP4419
P34981,WP4419
P34981,WP4424
P34995,WP4419
P34995,WP4424
P34998,WP4420
P34998,WP4427
P34998,WP4993
P35218,WP2770
P35222,WP1784
P35222,WP4107
P35222,WP2794
P35222,WP3330
P35222,WP3558
P35222,WP2773
P35222,WP4995
P35222,WP2840
P35222,WP1865
P35222,WP2728
P35222,WP2839
P35222,WP3339
P35222,WP4119
P35222,WP5322
P35222,WP1984
P35228,WP1885
P35228,WP4595
P35228,WP4442
P35228,WP4066
P35228,WP3551
P35228,WP3594
P35228,WP5288
P35228,WP5283
P35346,WP4423
P35346,WP4419
P35348,WP4419
P35348,WP4426
P35348,WP4424
P35354,WP4586
P35354,WP4097
P35354,WP4063
P35354,WP167
P35354,WP2650
P35354,WP4066
P35354,WP4440
P35354,WP4439
P35354,WP4438
P35354,WP4444
P35354,WP5288
P35367,WP4419
P35367,WP4424
P35368,WP4419
P35368,WP4426
P35368,WP4424
P35372,WP4423
P35372,WP4419
P35372,WP1978
P35372,WP4066
P35372,WP4453
P35398,WP3370
P35398,WP4447
P35398,WP4066
P35398,WP1797
P35398,WP3594
P35398,WP1822
P35398,WP2797
P35408,WP4419
P35408,WP4427
P35408,WP4993
P35462,WP4423
P35462,WP4419
P35462,WP3591
P35462,WP3594
P35498,WP5200
P35498,WP1843
P35498,WP3810
P35499,WP1843
P35499,WP3810
P35556,WP2666
P35610,WP4129
P35610,WP5220
P35754,WP4059
P35858,WP2799
P35869,WP4085
P35869,WP4108
P35869,WP3594
P35869,WP5044
P35869,WP2797
P35913,WP3558
P35913,WP2776
P35916,WP2721
P35916,WP1919
P35968,WP5144
P35968,WP1919
P35968,WP5322
P36021,WP4746
P36021,WP1937
P36507,WP3390
P36507,WP1843
P36507,WP5098
P36507,WP2643
P36507,WP3332
P36507,WP5144
P36507,WP2735
P36507,WP1873
P36507,WP5344
P36507,WP5322
P36543,WP1913
P36543,WP2670
P36543,WP3551
P36543,WP5015
P36543,WP4098
P36544,WP4454
P36544,WP5055
P36888,WP4448
P36888,WP4983
P36888,WP5016
P36888,WP2735
P36888,WP2653
P36896,WP2675
P36896,WP2791
P36897,WP4102
P36897,WP5144
P36897,WP2742
P36897,WP4838
P36897,WP5322
P36897,WP1984
P36897,WP5382
P36897,WP5385
P36956,WP3370
P36956,WP5066
P36956,WP3594
P36956,WP4999
P36956,WP5329
P36969,WP2650
P36969,WP5324
P37058,WP4114
P37058,WP2749
P37058,WP5320
P37058,WP5368
P37058,WP5276
P37058,WP5393
P37059,WP2749
P37059,WP5320
P37059,WP5368
P37059,WP5276
P37059,WP5393
P37088,WP4098
P37173,WP4102
P37173,WP5144
P37173,WP2742
P37173,WP1984
P37173,WP5382
P37231,WP2751
P37231,WP4447
P37231,WP4720
P37231,WP4453
P37231,WP3594
P37231,WP1822
P37231,WP4047
P37231,WP2797
P37231,WP4719
P37288,WP4419
P37288,WP4424
P37840,WP5124
P37840,WP2059
P37840,WP3547
P37840,WP5372
P38435,WP2762
P38435,WP5186
P38606,WP1913
P38606,WP2670
P38606,WP3551
P38606,WP5015
P38606,WP4098
P38936,WP4086
P38936,WP2772
P38936,WP4107
P38936,WP3391
P38936,WP4415
P38936,WP4989
P38936,WP3565
P38936,WP5098
P38936,WP3804
P38936,WP4066
P38936,WP1858
P38936,WP5016
P38936,WP1775
P38936,WP5001
P38936,WP5044
P38936,WP1859
P38936,WP2653
P38936,WP5288
P39023,WP2737
P39023,WP1813
P39023,WP3797
P39023,WP2683
P39023,WP1811
P39023,WP4975
P39023,WP1812
P39023,WP3791
P39023,WP2710
P39023,WP1918
P39086,WP4456
P39748,WP3345
P39748,WP1928
P39748,WP4016
P39748,WP2658
P39748,WP3570
P39748,WP1925
P39900,WP2708
P39900,WP2774
P40261,WP4111
P40261,WP4097
P40261,WP3791
P40306,WP3398
P40306,WP2772
P40306,WP4107
P40306,WP3558
P40306,WP2773
P40306,WP1780
P40306,WP2733
P40306,WP4414
P40306,WP1927
P40306,WP4102
P40306,WP2746
P40306,WP2759
P40306,WP3401
P40306,WP3316
P40306,WP4121
P40306,WP1896
P40306,WP2727
P40306,WP3545
P40306,WP3577
P40306,WP3307
P40306,WP2757
P40306,WP1858
P40306,WP4109
P40306,WP2684
P40306,WP2735
P40306,WP1775
P40306,WP3354
P40306,WP2721
P40306,WP4461
P40306,WP1859
P40306,WP3339
P40306,WP3555
P40306,WP1839
P40306,WP4105
P40306,WP3313
P40306,WP1918
P40306,WP4047
P40306,WP1925
P40394,WP4085
P40925,WP4093
P40925,WP4595
P40925,WP5220
P40926,WP4093
P40926,WP4595
P40926,WP2766
P40933,WP4404
P40933,WP5055
P40939,WP2740
P40939,WP4034
P40939,WP5123
P41143,WP4423
P41143,WP4419
P41143,WP4066
P41145,WP4423
P41145,WP4419
P41145,WP4453
P41146,WP4423
P41146,WP4419
P41146,WP3594
P41180,WP4423
P41180,WP4418
P41180,WP4424
P41222,WP167
P41222,WP3591
P41222,WP3594
P41222,WP5048
P41231,WP4419
P41231,WP3579
P41231,WP4424
P41238,WP1862
P41240,WP4431
P41240,WP1910
P41240,WP1927
P41240,WP1799
P41240,WP5016
P41240,WP2735
P41250,WP1938
P41594,WP4133
P41594,WP4424
P41594,WP4224
P41595,WP4419
P41595,WP4424
P41743,WP2786
P41743,WP1793
P41743,WP4443
P41743,WP5381
P41968,WP4419
P41968,WP4427
P41968,WP3594
P41968,WP4993
P42261,WP4430
P42261,WP4459
P42261,WP3560
P42261,WP3680
P42262,WP4459
P42262,WP4453
P42263,WP4459
P42330,WP167
P42330,WP4421
P42330,WP3839
P42330,WP1788
P42330,WP5276
P42330,WP5279
P42330,WP5280
P42330,WP5393
P42336,WP2747
P42336,WP3338
P42336,WP1910
P42336,WP2694
P42336,WP1794
P42336,WP1913
P42336,WP4452
P42336,WP2719
P42336,WP5132
P42336,WP1867
P42336,WP3334
P42336,WP5200
P42336,WP4448
P42336,WP2780
P42336,WP1927
P42336,WP3336
P42336,WP2759
P42336,WP2713
P42336,WP3335
P42336,WP4977
P42336,WP1799
P42336,WP2781
P42336,WP1916
P42336,WP2677
P42336,WP2732
P42336,WP5016
P42336,WP4436
P42336,WP2735
P42336,WP4120
P42336,WP1840
P42336,WP1919
P42336,WP4971
P42336,WP5191
P42336,WP1826
P42336,WP4458
P42336,WP4095
P42336,WP2653
P42336,WP1873
P42336,WP4424
P42336,WP5322
P42336,WP2533
P42338,WP2747
P42338,WP2694
P42338,WP1794
P42338,WP1913
P42338,WP2719
P42338,WP5132
P42338,WP1867
P42338,WP4448
P42338,WP1927
P42338,WP2759
P42338,WP1916
P42338,WP2677
P42338,WP2732
P42338,WP2735
P42338,WP1840
P42338,WP1919
P42338,WP4971
P42338,WP5191
P42338,WP1826
P42338,WP4458
P42338,WP4095
P42338,WP2653
P42338,WP1873
P42338,WP2533
P42345,WP2263
P42345,WP2748
P42345,WP3395
P42345,WP5200
P42345,WP3348
P42345,WP3349
P42345,WP5098
P42345,WP1799
P42345,WP3635
P42345,WP5015
P42345,WP3634
P42345,WP3318
P42345,WP1919
P42345,WP4863
P42345,WP5191
P42345,WP3807
P42345,WP4047
P42345,WP2653
P42345,WP5381
P42574,WP2263
P42574,WP1784
P42574,WP3959
P42574,WP5182
P42574,WP3317
P42574,WP4443
P42574,WP4838
P42574,WP2774
P42574,WP2714
P42574,WP5055
P42574,WP4041
P42574,WP1841
P42574,WP2036
P42574,WP1971
P42679,WP2780
P42680,WP2759
P42680,WP2713
P42680,WP1840
P42680,WP5287
P42681,WP2759
P42684,WP5016
P42684,WP1918
P42685,WP4049
P42685,WP4047
P42858,WP4453
P42898,WP3806
P42898,WP4259
P43003,WP1871
P43003,WP1872
P43003,WP1936
P43004,WP1871
P43004,WP2447
P43004,WP1872
P43004,WP1936
P43004,WP5314
P43005,WP1871
P43005,WP5029
P43005,WP1936
P43088,WP4419
P43088,WP4424
P43115,WP4423
P43115,WP4419
P43115,WP5322
P43116,WP4419
P43116,WP4427
P43116,WP5088
P43116,WP4993
P43119,WP1885
P43119,WP4419
P43119,WP4427
P43119,WP4993
P43155,WP4442
P43155,WP1878
P43220,WP1831
P43220,WP4420
P43220,WP4427
P43220,WP4993
P43353,WP4049
P43353,WP2788
P43403,WP1927
P43403,WP5098
P43405,WP4431
P43405,WP2694
P43405,WP2719
P43405,WP2746
P43405,WP2759
P43405,WP5000
P43405,WP2732
P43405,WP5016
P43405,WP3354
P43405,WP1840
P43405,WP1826
P43405,WP4993
P43487,WP2684
P43487,WP2658
P43657,WP4419
P43657,WP4424
P43681,WP4454
P45381,WP4979
P45954,WP3556
P45954,WP5241
P45954,WP4686
P45973,WP4413
P45973,WP1815
P45973,WP3799
P45983,WP4861
P45983,WP1845
P45983,WP3869
P45983,WP5005
P45983,WP2759
P45983,WP2643
P45983,WP1868
P45983,WP2792
P45983,WP3594
P45983,WP4443
P45983,WP1839
P45983,WP3404
P45983,WP2526
P45983,WP3543
P45983,WP1841
P45983,WP2637
P45983,WP5288
P45983,WP5158
P45984,WP1845
P45984,WP3869
P45984,WP4331
P45984,WP2759
P45984,WP2643
P45984,WP2792
P45984,WP3594
P45984,WP3404
P45984,WP2637
P45984,WP5158
P46098,WP2754
P46439,WP4111
P46597,WP3548
P46597,WP4156
P46663,WP4423
P46663,WP4419
P46663,WP4424
P46734,WP2792
P46734,WP3404
P46736,WP3567
P46736,WP4102
P46736,WP1775
P46736,WP4016
P46736,WP3550
P46736,WP3543
P46939,WP5011
P47712,WP1885
P47712,WP1978
P47712,WP2740
P47712,WP167
P47712,WP5122
P47712,WP2650
P47712,WP1908
P47712,WP5321
P47712,WP3842
P47869,WP4457
P47870,WP2781
P47870,WP4457
P47895,WP4421
P47898,WP4423
P47898,WP4419
P47900,WP4419
P47900,WP1908
P47900,WP4424
P47901,WP4419
P47901,WP4424
P47989,WP4091
P47989,WP4792
P47989,WP4507
P47989,WP4042
P47989,WP4224
P47989,WP5355
P48029,WP5002
P48039,WP4423
P48039,WP4419
P48039,WP3594
P48048,WP2669
P48050,WP2669
P48050,WP3810
P48050,WP4457
P48051,WP2669
P48051,WP4457
P48058,WP4459
P48163,WP2766
P48163,WP5220
P48163,WP2797
P48167,WP2754
P48169,WP4457
P48443,WP4421
P48443,WP1822
P48448,WP2788
P48506,WP4111
P48506,WP4518
P48507,WP4111
P48544,WP2669
P48544,WP4457
P48549,WP2669
P48549,WP4457
P48551,WP5218
P48551,WP5098
P48551,WP4341
P48637,WP4111
P48637,WP4518
P48637,WP4504
P48664,WP1871
P48664,WP1936
P48723,WP3395
P48728,WP3562
P48728,WP5028
P48729,WP2773
P48729,WP3316
P48729,WP3339
P48729,WP3313
P48735,WP3331
P48735,WP3585
P48735,WP2766
P48736,WP2747
P48736,WP4428
P48736,WP4971
P48736,WP5191
P48736,WP1826
P48736,WP4458
P48736,WP2533
P49019,WP4423
P49019,WP4419
P49069,WP5013
P49146,WP4423
P49146,WP4419
P49146,WP3591
P49146,WP3594
P49189,WP4996
P49189,WP4159
P49281,WP1935
P49281,WP2670
P49286,WP4423
P49286,WP4419
P49286,WP3591
P49286,WP3594
P49327,WP4114
P49327,WP1831
P49327,WP5012
P49327,WP2706
P49327,WP1857
P49327,WP5220
P49354,WP1784
P49354,WP2776
P49356,WP2776
P49411,WP3310
P49419,WP5004
P49419,WP4090
P49419,WP4288
P49448,WP3331
P49448,WP4992
P49585,WP2740
P49585,WP4288
P49589,WP1938
P49619,WP1809
P49721,WP3398
P49721,WP2772
P49721,WP4107
P49721,WP3558
P49721,WP2773
P49721,WP1780
P49721,WP2733
P49721,WP4414
P49721,WP1927
P49721,WP4102
P49721,WP2746
P49721,WP2759
P49721,WP3401
P49721,WP3316
P49721,WP4121
P49721,WP1896
P49721,WP2727
P49721,WP3545
P49721,WP3577
P49721,WP3307
P49721,WP2757
P49721,WP1858
P49721,WP4109
P49721,WP2684
P49721,WP2735
P49721,WP1775
P49721,WP3354
P49721,WP2721
P49721,WP4461
P49721,WP1859
P49721,WP3339
P49721,WP3555
P49721,WP1839
P49721,WP4105
P49721,WP3313
P49721,WP1918
P49721,WP4047
P49721,WP1925
P49760,WP4016
P49821,WP4324
P49821,WP1902
P49840,WP5020
P49840,WP5021
P49840,WP5144
P49840,WP3472
P49840,WP2653
P49840,WP1984
P49840,WP5158
P49841,WP5020
P49841,WP5021
P49841,WP2772
P49841,WP3395
P49841,WP3819
P49841,WP2773
P49841,WP4414
P49841,WP1907
P49841,WP3316
P49841,WP5098
P49841,WP3594
P49841,WP3339
P49841,WP2653
P49841,WP5322
P49841,WP5158
P49841,WP5242
P49888,WP4111
P49888,WP5368
P49888,WP5276
P49908,WP1903
P49915,WP4084
P49916,WP3345
P49916,WP1980
P49916,WP3570
P49916,WP5287
P50135,WP4988
P50135,WP4288
P50135,WP3791
P50213,WP2766
P50406,WP4419
P50406,WP4427
P50406,WP4993
P50416,WP3370
P50416,WP4421
P50416,WP3594
P50416,WP4061
P50416,WP2797
P50440,WP5002
P50440,WP4583
P50440,WP497
P50440,WP5355
P50579,WP2776
P50579,WP5366
P50747,WP5031
P50747,WP1857
P50747,WP5355
P50897,WP4114
P50993,WP3810
P50993,WP4098
P51161,WP5012
P51161,WP4131
P51161,WP1788
P51161,WP5396
P51161,WP5176
P51164,WP4098
P51168,WP4098
P51170,WP4098
P51172,WP4098
P51451,WP2746
P51451,WP4105
P51553,WP2766
P51553,WP2717
P51575,WP1885
P51575,WP4049
P51580,WP4111
P51580,WP4224
P51582,WP4423
P51582,WP4419
P51617,WP2761
P51617,WP2792
P51617,WP4453
P51617,WP4443
P51617,WP2656
P51617,WP1839
P51617,WP2801
P51617,WP2763
P51617,WP2768
P51617,WP2653
P51649,WP2685
P51649,WP4157
P51659,WP4442
P51659,WP2724
P51659,WP4433
P51659,WP1788
P51659,WP1878
P51659,WP1941
P51659,WP5276
P51659,WP5393
P51681,WP4423
P51681,WP4419
P51681,WP4063
P51681,WP2658
P51692,WP4409
P51692,WP4983
P51692,WP2713
P51692,WP3335
P51692,WP1916
P51692,WP2732
P51692,WP5016
P51692,WP1840
P51692,WP4404
P51692,WP2678
P51692,WP2657
P51692,WP4458
P51692,WP2673
P51692,WP3374
P51787,WP3810
P51788,WP4098
P51812,WP1845
P51812,WP3391
P51812,WP1843
P51812,WP2664
P51812,WP1873
P51813,WP2747
P51813,WP1784
P51857,WP1788
P51857,WP5279
P51857,WP5277
P51857,WP5280
P51857,WP5393
P51858,WP3472
P51884,WP2703
P51884,WP2743
P51955,WP4124
P51955,WP4109
P51955,WP1859
P51955,WP2652
P51955,WP3498
P51970,WP4324
P51970,WP1902
P52209,WP4050
P52333,WP4409
P52333,WP4066
P52333,WP2732
P52333,WP3817
P52333,WP2735
P52333,WP1840
P52333,WP4404
P52333,WP2673
P52429,WP1809
P52564,WP3816
P52564,WP3849
P52564,WP1865
P52564,WP2792
P52564,WP1839
P52564,WP3404
P52564,WP2763
P52824,WP1809
P52895,WP4524
P52895,WP1788
P52895,WP5279
P52895,WP5280
P52895,WP5393
P53004,WP1852
P53350,WP2765
P53350,WP2654
P53350,WP2757
P53350,WP4124
P53350,WP4109
P53350,WP1775
P53350,WP4016
P53350,WP1859
P53350,WP2652
P53350,WP3379
P53350,WP3498
P53350,WP1984
P53355,WP3317
P53396,WP4114
P53396,WP1831
P53396,WP4049
P53396,WP5220
P53396,WP2366
P53396,WP5318
P53667,WP3309
P53667,WP2719
P53667,WP1907
P53667,WP3351
P53667,WP3365
P53667,WP5366
P53667,WP5381
P53671,WP3309
P53671,WP1907
P53671,WP3365
P53778,WP5272
P53778,WP3869
P53778,WP3331
P53778,WP2643
P53778,WP1868
P53778,WP1865
P53778,WP2735
P53778,WP1919
P53778,WP2763
P53778,WP1873
P53779,WP1845
P53779,WP3869
P53779,WP2759
P53779,WP2643
P53779,WP4873
P53779,WP2792
P53779,WP3594
P53779,WP3404
P53779,WP2637
P53985,WP1794
P53985,WP1935
P53985,WP2766
P53985,WP4742
P53985,WP5220
P53985,WP5314
P53985,WP5312
P54219,WP1935
P54284,WP1831
P54284,WP1800
P54619,WP2748
P54619,WP3348
P54619,WP3331
P54619,WP3349
P54619,WP3838
P54619,WP4985
P54619,WP2777
P54646,WP2748
P54646,WP1831
P54646,WP3348
P54646,WP3331
P54646,WP3349
P54646,WP3838
P54646,WP3594
P54646,WP4985
P54646,WP4061
P54646,WP2777
P54687,WP3556
P54687,WP4686
P54710,WP3810
P54710,WP4098
P54750,WP1978
P54750,WP2688
P54756,WP3309
P54760,WP3309
P54762,WP3309
P54764,WP3309
P54886,WP497
P54886,WP5312
P55011,WP1936
P55017,WP1936
P55055,WP4129
P55055,WP5012
P55055,WP4447
P55055,WP1822
P55055,WP2797
P55055,WP4545
P55055,WP5329
P55055,WP5381
P55157,WP4129
P55157,WP4522
P55211,WP2263
P55211,WP3959
P55211,WP5182
P55211,WP3317
P55211,WP2763
P55211,WP2653
P55211,WP1841
P55211,WP1971
P55789,WP2717
P56181,WP4324
P56181,WP1902
P56282,WP3345
P56282,WP3567
P56282,WP1803
P56282,WP1858
P56282,WP1980
P56282,WP4461
P56282,WP1925
P56373,WP1885
P56524,WP4107
P56524,WP4415
P56524,WP4447
P56524,WP2720
P56524,WP1822
P56524,WP3799
P56556,WP4324
P56556,WP1902
P56937,WP1795
P56937,WP5276
P57059,WP1797
P57059,WP3594
P59768,WP2669
P59768,WP1892
P59768,WP4423
P59768,WP1885
P59768,WP4456
P59768,WP1831
P59768,WP4420
P59768,WP4427
P59768,WP1978
P59768,WP2662
P59768,WP3558
P59768,WP4422
P59768,WP4977
P59768,WP4428
P59768,WP4426
P59768,WP4457
P59768,WP1908
P59768,WP4993
P59768,WP1929
P59768,WP4424
P60174,WP4093
P60568,WP5098
P60568,WP4298
P60568,WP2732
P60568,WP2735
P60568,WP1840
P60568,WP4079
P60842,WP2672
P60842,WP2659
P60842,WP1812
P61024,WP2772
P61024,WP1858
P61073,WP4423
P61073,WP4419
P61073,WP5055
P61073,WP2658
P61073,WP1918
P61421,WP1913
P61421,WP2670
P61421,WP3551
P61421,WP5015
P61421,WP3472
P61421,WP4098
P61626,WP4101
P61626,WP4049
P61769,WP2694
P61769,WP1829
P61769,WP1836
P61769,WP4049
P61769,WP3577
P61769,WP2684
P61769,WP5078
P62312,WP1889
P62312,WP2659
P62508,WP1822
P62714,WP3338
P62714,WP4093
P62714,WP1885
P62714,WP1845
P62714,WP2654
P62714,WP1831
P62714,WP3334
P62714,WP1978
P62714,WP5182
P62714,WP2773
P62714,WP3336
P62714,WP3335
P62714,WP1799
P62714,WP2757
P62714,WP1858
P62714,WP2735
P62714,WP1775
P62714,WP3807
P62714,WP1859
P62714,WP3339
P62714,WP2652
P62714,WP3379
P62714,WP2653
P62714,WP1873
P62714,WP5372
P62807,WP3305
P62807,WP2654
P62807,WP3312
P62807,WP1928
P62807,WP3571
P62807,WP3359
P62807,WP3819
P62807,WP3567
P62807,WP3801
P62807,WP1874
P62807,WP3391
P62807,WP3565
P62807,WP2786
P62807,WP3397
P62807,WP3813
P62807,WP4055
P62807,WP1775
P62807,WP5001
P62807,WP3364
P62807,WP3339
P62807,WP4132
P62807,WP3399
P62807,WP2698
P62807,WP3404
P62807,WP4105
P62807,WP4432
P62807,WP4074
P62807,WP2731
P62807,WP3550
P62807,WP3543
P62807,WP3547
P62937,WP1794
P62937,WP1903
P62937,WP4100
P62937,WP2746
P62937,WP4049
P62937,WP2684
P62937,WP2658
P62942,WP2746
P62942,WP2742
P62955,WP3810
P63000,WP3388
P63000,WP2694
P63000,WP3309
P63000,WP2719
P63000,WP3330
P63000,WP3558
P63000,WP5005
P63000,WP3396
P63000,WP1843
P63000,WP1907
P63000,WP2759
P63000,WP2713
P63000,WP5000
P63000,WP1799
P63000,WP3376
P63000,WP4049
P63000,WP3351
P63000,WP3337
P63000,WP3307
P63000,WP1868
P63000,WP4436
P63000,WP2684
P63000,WP5144
P63000,WP1815
P63000,WP4443
P63000,WP4120
P63000,WP1919
P63000,WP3357
P63000,WP4437
P63000,WP1826
P63000,WP1917
P63000,WP3379
P63000,WP2526
P63000,WP2777
P63000,WP1918
P63000,WP2653
P63000,WP1984
P63244,WP3380
P63252,WP2669
P63252,WP3810
P63252,WP4457
P63261,WP3388
P63261,WP3309
P63261,WP2719
P63261,WP5000
P63261,WP3379
P63316,WP3795
P67775,WP3338
P67775,WP4093
P67775,WP1885
P67775,WP1845
P67775,WP2654
P67775,WP1831
P67775,WP3334
P67775,WP1978
P67775,WP2773
P67775,WP3336
P67775,WP3335
P67775,WP1799
P67775,WP2757
P67775,WP1858
P67775,WP2735
P67775,WP1775
P67775,WP3807
P67775,WP1859
P67775,WP3339
P67775,WP2652
P67775,WP3379
P67775,WP2710
P67775,WP5181
P67775,WP2653
P67775,WP1873
P67775,WP5376
P68104,WP4972
P68104,WP3395
P68104,WP1811
P68104,WP4049
P68104,WP4073
P68133,WP5081
P68133,WP5055
P68366,WP1892
P68366,WP1903
P68366,WP2757
P68366,WP4124
P68366,WP1859
P68366,WP2652
P68366,WP3498
P68371,WP1892
P68371,WP4075
P68371,WP4049
P68371,WP2757
P68371,WP4124
P68371,WP1859
P68371,WP2652
P68371,WP3498
P68400,WP3549
P68400,WP1892
P68400,WP2740
P68400,WP1843
P68400,WP3838
P68400,WP3339
P68400,WP2652
P68400,WP4105
P68400,WP4047
P68400,WP5360
P68871,WP4972
P68871,WP2744
P68871,WP4976
P68871,WP4049
P68871,WP1815
P68871,WP2681
P68871,WP2784
P69905,WP2744
P69905,WP2681
P69905,WP2784
P78330,WP4688
P78330,WP4435
P78330,WP5312
P78330,WP5355
P78348,WP4098
P78352,WP3392
P78352,WP4456
P78352,WP3812
P78352,WP4459
P78352,WP1843
P78352,WP3376
P78352,WP2781
P78352,WP2735
P78352,WP4054
P78352,WP5007
P78352,WP4133
P78356,WP2747
P78356,WP3816
P78356,WP4971
P78356,WP2653
P78356,WP5287
P78362,WP5372
P78417,WP4111
P78417,WP4100
P78417,WP1857
P78508,WP2669
P78508,WP4457
P78527,WP2263
P78527,WP2794
P78527,WP3959
P78527,WP3594
P78527,WP4055
P78527,WP4016
P78527,WP3550
P80075,WP5287
P80365,WP2749
P80365,WP4545
P80365,WP5279
P80365,WP5280
P80365,WP5393
P80404,WP4159
P80404,WP2685
P80404,WP4157
P80404,WP4225
P80511,WP1781
P80511,WP4049
P80511,WP2656
P80511,WP1904
P81605,WP4101
P84077,WP2747
P84077,WP2679
P84077,WP3578
P84077,WP4100
P84077,WP4441
P84077,WP2684
P84077,WP3842
P98066,WP4049
P98164,WP4065
P98164,WP3839
P98164,WP3685
P98194,WP4098
P99999,WP5182
P99999,WP3331
P99999,WP2824
P99999,WP3349
P99999,WP1902
P99999,WP1841
Q00266,WP3574
Q00266,WP4111
Q00266,WP4504
Q00266,WP4292
Q00266,WP3791
Q00534,WP3998
Q00534,WP3391
Q00534,WP3308
Q00534,WP1858
Q00534,WP3404
Q00534,WP4117
Q00534,WP5288
Q00536,WP5055
Q00653,WP5272
Q00653,WP4998
Q00653,WP4449
Q00653,WP4096
Q00653,WP1838
Q00653,WP2794
Q00653,WP4331
Q00653,WP3545
Q00653,WP5144
Q00653,WP2656
Q00653,WP3354
Q00653,WP1904
Q00653,WP2763
Q00796,WP4068
Q00796,WP4039
Q00796,WP5283
Q00975,WP1800
Q00987,WP2263
Q00987,WP3823
Q00987,WP3998
Q00987,WP4459
Q00987,WP4107
Q00987,WP3959
Q00987,WP3824
Q00987,WP4102
Q00987,WP3308
Q00987,WP3838
Q00987,WP2516
Q00987,WP1775
Q00987,WP4016
Q00987,WP4450
Q00987,WP3807
Q00987,WP3404
Q00987,WP2653
Q00987,WP5344
Q00987,WP5322
Q00987,WP1971
Q00987,WP1984
Q01064,WP1978
Q01064,WP2688
Q01118,WP1843
Q01118,WP3810
Q01668,WP1831
Q01718,WP4419
Q01718,WP4427
Q01718,WP4993
Q01726,WP4419
Q01726,WP4427
Q01726,WP4993
Q01726,WP4941
Q01814,WP1885
Q01814,WP3810
Q01814,WP4098
Q01959,WP1935
Q01959,WP1870
Q01959,WP4220
Q02083,WP1871
Q02127,WP4584
Q02127,WP4084
Q02127,WP4225
Q02156,WP2719
Q02156,WP2780
Q02156,WP4422
Q02156,WP1809
Q02156,WP2688
Q02218,WP5004
Q02218,WP2766
Q02218,WP3562
Q02252,WP3556
Q02252,WP4686
Q02252,WP4225
Q02641,WP3810
Q02641,WP1800
Q02641,WP5287
Q02643,WP4420
Q02643,WP4427
Q02643,WP4993
Q02750,WP4746
Q02750,WP3390
Q02750,WP1843
Q02750,WP5098
Q02750,WP2643
Q02750,WP3332
Q02750,WP5144
Q02750,WP2792
Q02750,WP2735
Q02750,WP1839
Q02750,WP2526
Q02750,WP1873
Q02750,WP5344
Q02750,WP5322
Q02763,WP1794
Q02763,WP2735
Q02809,WP2725
Q02809,WP5312
Q02818,WP2799
Q02818,WP4110
Q02880,WP3805
Q02928,WP4085
Q02928,WP2650
Q02928,WP2797
Q02928,WP5324
Q03013,WP4111
Q03013,WP4439
Q03181,WP5273
Q03181,WP2766
Q03181,WP4421
Q03181,WP1822
Q03181,WP4061
Q03393,WP4990
Q03393,WP4156
Q04206,WP5272
Q04206,WP4998
Q04206,WP5046
Q04206,WP4449
Q04206,WP4096
Q04206,WP1838
Q04206,WP2794
Q04206,WP3391
Q04206,WP2751
Q04206,WP1927
Q04206,WP2746
Q04206,WP4331
Q04206,WP2759
Q04206,WP5098
Q04206,WP4995
Q04206,WP5144
Q04206,WP4443
Q04206,WP2656
Q04206,WP3354
Q04206,WP1839
Q04206,WP1904
Q04206,WP2763
Q04206,WP5322
Q04206,WP5347
Q04206,WP5158
Q04206,WP5242
Q04206,WP5381
Q04609,WP4979
Q04759,WP1784
Q04759,WP4422
Q04759,WP1927
Q04759,WP1809
Q04759,WP2759
Q04759,WP5098
Q04759,WP1868
Q04759,WP4132
Q04759,WP2776
Q04760,WP2766
Q04828,WP3839
Q04828,WP1788
Q04828,WP5279
Q04828,WP5277
Q04828,WP5280
Q04828,WP5393
Q04912,WP3818
Q05209,WP1910
Q05209,WP2780
Q05209,WP1916
Q05209,WP1839
Q05329,WP4453
Q05329,WP4159
Q05329,WP2685
Q05329,WP4157
Q05397,WP3388
Q05397,WP4431
Q05397,WP1784
Q05397,WP3309
Q05397,WP2719
Q05397,WP5132
Q05397,WP5000
Q05397,WP4977
Q05397,WP2643
Q05397,WP1868
Q05397,WP5144
Q05397,WP2735
Q05397,WP4120
Q05397,WP1919
Q05397,WP1866
Q05397,WP1539
Q05397,WP1909
Q05397,WP5288
Q05513,WP3396
Q05513,WP4977
Q05513,WP2742
Q05513,WP1919
Q05513,WP1826
Q05513,WP5181
Q05586,WP3812
Q05586,WP3309
Q05586,WP2735
Q05586,WP4288
Q05586,WP4054
Q05586,WP5007
Q05586,WP4133
Q05655,WP1784
Q05655,WP2719
Q05655,WP1978
Q05655,WP2780
Q05655,WP4422
Q05655,WP2733
Q05655,WP3396
Q05655,WP1809
Q05655,WP1836
Q05655,WP4049
Q05655,WP2688
Q05655,WP3354
Q05655,WP1919
Q05901,WP4454
Q05940,WP1935
Q05940,WP1871
Q06187,WP3388
Q06187,WP2694
Q06187,WP2719
Q06187,WP2746
Q06187,WP2759
Q06187,WP5000
Q06187,WP2761
Q06187,WP3577
Q06187,WP4428
Q06187,WP4426
Q06187,WP4424
Q06203,WP4084
Q06203,WP4224
Q06278,WP5188
Q06278,WP1857
Q06278,WP4507
Q06278,WP4224
Q06323,WP3398
Q06323,WP2772
Q06323,WP4107
Q06323,WP3558
Q06323,WP2773
Q06323,WP1780
Q06323,WP2733
Q06323,WP4414
Q06323,WP1927
Q06323,WP4102
Q06323,WP2746
Q06323,WP2759
Q06323,WP3401
Q06323,WP3316
Q06323,WP4121
Q06323,WP1896
Q06323,WP2727
Q06323,WP3545
Q06323,WP3577
Q06323,WP3307
Q06323,WP2757
Q06323,WP1858
Q06323,WP4109
Q06323,WP2684
Q06323,WP2735
Q06323,WP1775
Q06323,WP3354
Q06323,WP2721
Q06323,WP4461
Q06323,WP1859
Q06323,WP3339
Q06323,WP3555
Q06323,WP1839
Q06323,WP4105
Q06323,WP3313
Q06323,WP1918
Q06323,WP4047
Q06323,WP1925
Q06481,WP1903
Q06481,WP2799
Q06481,WP4110
Q06830,WP4115
Q06830,WP2824
Q06830,WP3349
Q07021,WP2853
Q07021,WP1818
Q07021,WP1841
Q07075,WP2729
Q07343,WP1978
Q07699,WP5200
Q07699,WP1843
Q07699,WP3810
Q07817,WP5098
Q07817,WP4066
Q07817,WP5016
Q07817,WP2763
Q07817,WP1841
Q07820,WP3872
Q07820,WP4066
Q07820,WP5366
Q07864,WP3345
Q07864,WP3567
Q07864,WP1803
Q07864,WP1858
Q07864,WP1980
Q07864,WP4461
Q07864,WP1925
Q07869,WP3355
Q07869,WP3370
Q07869,WP2751
Q07869,WP4447
Q07869,WP5273
Q07869,WP3331
Q07869,WP2706
Q07869,WP1797
Q07869,WP3594
Q07869,WP1822
Q07869,WP2797
Q07869,WP5318
Q07955,WP1906
Q07955,WP1889
Q08289,WP1831
Q08289,WP3810
Q08289,WP1800
Q08345,WP2703
Q08426,WP5241
Q08426,WP4442
Q08426,WP1878
Q08462,WP4423
Q08462,WP1831
Q08462,WP4427
Q08462,WP1978
Q08462,WP2662
Q08462,WP4422
Q08462,WP3316
Q08462,WP2688
Q08462,WP4457
Q08462,WP4993
Q08462,WP4589
Q08493,WP1978
Q08499,WP1978
Q08828,WP4423
Q08828,WP1831
Q08828,WP4427
Q08828,WP1978
Q08828,WP2662
Q08828,WP4422
Q08828,WP3316
Q08828,WP3594
Q08828,WP2688
Q08828,WP4457
Q08828,WP4993
Q08828,WP4589
Q08881,WP1927
Q08881,WP2759
Q09428,WP2669
Q09428,WP1831
Q0VD83,WP4129
Q10588,WP4097
Q10588,WP4049
Q10588,WP1887
Q12791,WP2669
Q12791,WP1885
Q12791,WP3594
Q12809,WP3810
Q12866,WP1794
Q12879,WP3812
Q12879,WP3591
Q12879,WP4453
Q12879,WP4054
Q12879,WP5007
Q12879,WP4133
Q12882,WP4584
Q12882,WP4042
Q12882,WP4225
Q13002,WP4456
Q13003,WP4456
Q13085,WP4114
Q13085,WP1831
Q13085,WP5031
Q13085,WP2706
Q13085,WP5066
Q13085,WP1857
Q13085,WP2853
Q13085,WP5287
Q13126,WP3574
Q13126,WP4100
Q13131,WP2748
Q13131,WP3879
Q13131,WP5049
Q13131,WP3348
Q13131,WP3349
Q13131,WP3838
Q13131,WP3594
Q13131,WP5242
Q13131,WP5381
Q13133,WP4129
Q13133,WP5012
Q13133,WP3594
Q13133,WP2797
Q13133,WP5381
Q13153,WP3309
Q13153,WP2719
Q13153,WP1843
Q13153,WP1927
Q13153,WP1907
Q13153,WP2759
Q13153,WP1799
Q13153,WP3811
Q13153,WP3351
Q13153,WP4428
Q13153,WP3307
Q13153,WP1868
Q13153,WP3365
Q13153,WP3354
Q13153,WP1919
Q13153,WP3357
Q13153,WP2526
Q13153,WP1918
Q13153,WP1984
Q13164,WP1845
Q13164,WP3391
Q13164,WP2664
Q13164,WP4095
Q13164,WP1873
Q13177,WP1784
Q13177,WP3309
Q13177,WP4100
Q13177,WP1927
Q13177,WP1907
Q13177,WP2759
Q13177,WP1896
Q13177,WP1799
Q13177,WP3811
Q13177,WP3351
Q13177,WP3307
Q13177,WP2684
Q13177,WP3354
Q13177,WP1919
Q13177,WP1918
Q13188,WP3959
Q13188,WP2714
Q13224,WP3812
Q13224,WP3309
Q13224,WP4436
Q13224,WP4453
Q13224,WP2735
Q13224,WP4054
Q13224,WP5007
Q13224,WP4133
Q13233,WP2759
Q13233,WP2761
Q13233,WP3849
Q13233,WP2801
Q13233,WP1904
Q13233,WP2526
Q13233,WP2768
Q13233,WP5366
Q13237,WP1885
Q13237,WP3558
Q13237,WP4990
Q13237,WP3594
Q13237,WP5344
Q13255,WP4133
Q13255,WP4424
Q13258,WP4419
Q13258,WP4427
Q13258,WP3591
Q13258,WP4993
Q13303,WP2669
Q13303,WP4049
Q13315,WP2263
Q13315,WP3823
Q13315,WP5006
Q13315,WP3395
Q13315,WP3808
Q13315,WP3567
Q13315,WP3959
Q13315,WP3565
Q13315,WP3838
Q13315,WP1775
Q13315,WP3807
Q13315,WP2698
Q13315,WP3802
Q13315,WP3550
Q13315,WP3543
Q13315,WP5322
Q13315,WP1971
Q13315,WP1984
Q13332,WP3812
Q13332,WP4046
Q13332,WP4452
Q13332,WP2703
Q13332,WP4054
Q13370,WP4427
Q13370,WP4448
Q13393,WP2719
Q13393,WP2740
Q13393,WP4049
Q13423,WP2766
Q13488,WP1913
Q13488,WP2670
Q13488,WP4049
Q13488,WP3551
Q13488,WP5015
Q13488,WP4098
Q13509,WP1892
Q13509,WP4075
Q13509,WP2757
Q13546,WP3352
Q13546,WP2794
Q13546,WP5182
Q13546,WP3851
Q13546,WP4102
Q13546,WP2752
Q13546,WP2516
Q13546,WP3380
Q13546,WP5022
Q13546,WP1904
Q13546,WP3358
Q13547,WP2755
Q13547,WP3305
Q13547,WP3816
Q13547,WP4096
Q13547,WP3801
Q13547,WP2773
Q13547,WP2720
Q13547,WP5142
Q13547,WP1858
Q13547,WP1815
Q13547,WP4453
Q13547,WP3594
Q13547,WP4443
Q13547,WP1822
Q13547,WP3799
Q13547,WP3339
Q13547,WP4132
Q13547,WP4999
Q13547,WP4432
Q13547,WP4074
Q13547,WP4047
Q13547,WP1984
Q13554,WP3395
Q13554,WP4459
Q13554,WP1978
Q13554,WP1836
Q13554,WP4453
Q13554,WP3810
Q13554,WP2735
Q13554,WP2688
Q13554,WP4098
Q13554,WP5007
Q13555,WP3395
Q13555,WP4459
Q13555,WP1978
Q13555,WP1836
Q13555,WP4453
Q13555,WP3810
Q13555,WP2735
Q13555,WP2688
Q13555,WP4098
Q13555,WP5007
Q13557,WP3395
Q13557,WP4459
Q13557,WP1978
Q13557,WP1836
Q13557,WP4453
Q13557,WP3810
Q13557,WP2735
Q13557,WP2688
Q13557,WP4098
Q13557,WP5007
Q13574,WP1809
Q13621,WP1936
Q13627,WP1858
Q13627,WP3594
Q13630,WP1785
Q13639,WP4419
Q13639,WP4427
Q13639,WP4993
Q13873,WP2760
Q13873,WP1984
Q13882,WP2772
Q13882,WP2780
Q13882,WP1858
Q13882,WP4437
Q13936,WP1831
Q13936,WP3810
Q14032,WP4442
Q14032,WP1788
Q14032,WP5176
Q14123,WP1978
Q14123,WP2688
Q14145,WP4102
Q14145,WP4121
Q14145,WP3577
Q14164,WP4449
Q14164,WP3352
Q14164,WP3851
Q14164,WP2752
Q14164,WP1904
Q14181,WP1928
Q14181,WP1858
Q14181,WP4461
Q14181,WP1925
Q14289,WP2732
Q14289,WP1919
Q14289,WP1909
Q14289,WP1993
Q14289,WP5322
Q14289,WP5288
Q14330,WP4423
Q14330,WP4419
Q14353,WP4453
Q14353,WP5002
Q14353,WP4583
Q14353,WP497
Q14353,WP5355
Q14432,WP4427
Q14457,WP5020
Q14457,WP5021
Q14457,WP3348
Q14457,WP4102
Q14457,WP5156
Q14457,WP4863
Q14457,WP5336
Q14500,WP2669
Q14500,WP3810
Q14500,WP4457
Q14524,WP1843
Q14524,WP3810
Q14534,WP2706
Q14534,WP1795
Q14541,WP3513
Q14541,WP1822
Q14542,WP1937
Q14571,WP1885
Q14571,WP1831
Q14571,WP2719
Q14571,WP1978
Q14571,WP3558
Q14571,WP1809
Q14571,WP2746
Q14571,WP2759
Q14571,WP3810
Q14571,WP2688
Q14571,WP3354
Q14571,WP1919
Q14571,WP4993
Q14573,WP1885
Q14573,WP1831
Q14573,WP2719
Q14573,WP1978
Q14573,WP3558
Q14573,WP1809
Q14573,WP2746
Q14573,WP2759
Q14573,WP3810
Q14573,WP2688
Q14573,WP3354
Q14573,WP1919
Q14573,WP4993
Q14624,WP1903
Q14643,WP1885
Q14643,WP1831
Q14643,WP2719
Q14643,WP1978
Q14643,WP3558
Q14643,WP1809
Q14643,WP2746
Q14643,WP2759
Q14643,WP5098
Q14643,WP3810
Q14643,WP2688
Q14643,WP3354
Q14643,WP1919
Q14643,WP4993
Q14643,WP5356
Q14654,WP2669
Q14654,WP1831
Q14654,WP1780
Q14654,WP3810
Q14697,WP5020
Q14697,WP5021
Q14697,WP1785
Q14721,WP1831
Q14722,WP2669
Q14749,WP4292
Q14749,WP3562
Q14749,WP3791
Q14831,WP4423
Q14833,WP4423
Q14957,WP3812
Q14957,WP4054
Q14957,WP5007
Q14957,WP4133
Q15067,WP4442
Q15067,WP4433
Q15067,WP1941
Q15080,WP3396
Q15080,WP2824
Q15080,WP3577
Q15080,WP3551
Q15080,WP1919
Q15118,WP2766
Q15118,WP4421
Q15125,WP1795
Q15125,WP5064
Q15125,WP4545
Q15139,WP5132
Q15139,WP2788
Q15185,WP3395
Q15185,WP4108
Q15185,WP4058
Q15185,WP4432
Q15274,WP4097
Q15274,WP4210
Q15375,WP3309
Q15391,WP4423
Q15391,WP4419
Q15418,WP1845
Q15418,WP3391
Q15418,WP1843
Q15418,WP2664
Q15418,WP1873
Q15428,WP1889
Q15493,WP4838
Q15569,WP1793
Q15596,WP3355
Q15596,WP4096
Q15596,WP4085
Q15596,WP3370
Q15596,WP2751
Q15596,WP3331
Q15596,WP2706
Q15596,WP3397
Q15596,WP1797
Q15596,WP3594
Q15596,WP1788
Q15596,WP4445
Q15596,WP4432
Q15596,WP2797
Q15738,WP1795
Q15746,WP3811
Q15746,WP3351
Q15750,WP3352
Q15750,WP4102
Q15750,WP2759
Q15750,WP2752
Q15750,WP2761
Q15750,WP2792
Q15750,WP2656
Q15750,WP3354
Q15750,WP4974
Q15750,WP3380
Q15750,WP1839
Q15750,WP2801
Q15750,WP2763
Q15750,WP2768
Q15750,WP5145
Q15750,WP1984
Q15759,WP5272
Q15759,WP1845
Q15759,WP3869
Q15759,WP5200
Q15759,WP2733
Q15759,WP3396
Q15759,WP3331
Q15759,WP2643
Q15759,WP3838
Q15759,WP1868
Q15759,WP1865
Q15759,WP2792
Q15759,WP1919
Q15759,WP3404
Q15759,WP2763
Q15759,WP1873
Q15800,WP1795
Q15822,WP4454
Q15825,WP4454
Q15842,WP2669
Q15858,WP1843
Q15858,WP3810
Q15878,WP1831
Q15878,WP1800
Q15904,WP1913
Q15904,WP2670
Q15904,WP4098
Q15910,WP4413
Q15910,WP3312
Q15910,WP4096
Q15910,WP3813
Q15910,WP3594
Q15910,WP3404
Q15910,WP4047
Q15910,WP5014
Q16099,WP4456
Q16134,WP5037
Q16134,WP1902
Q16288,WP4046
Q16288,WP4452
Q16288,WP3594
Q16348,WP1936
Q16445,WP4159
Q16445,WP4457
Q16478,WP4456
Q16512,WP3397
Q16512,WP3357
Q16513,WP3357
Q16515,WP4098
Q16515,WP5287
Q16539,WP5272
Q16539,WP4746
Q16539,WP1885
Q16539,WP1845
Q16539,WP3869
Q16539,WP2733
Q16539,WP3396
Q16539,WP3331
Q16539,WP2643
Q16539,WP4049
Q16539,WP3838
Q16539,WP1868
Q16539,WP1865
Q16539,WP2792
Q16539,WP1919
Q16539,WP1908
Q16539,WP3404
Q16539,WP2763
Q16539,WP4993
Q16539,WP1873
Q16539,WP5322
Q16539,WP5158
Q16539,WP5242
Q16558,WP2669
Q16558,WP1885
Q16568,WP3594
Q16584,WP2735
Q16584,WP5288
Q16595,WP2717
Q16595,WP2702
Q16602,WP4420
Q16602,WP4427
Q16602,WP4993
Q16620,WP4436
Q16620,WP1873
Q16620,WP5372
Q16647,WP4085
Q16647,WP4097
Q16647,WP167
Q16647,WP1788
Q16654,WP2766
Q16654,WP4421
Q16659,WP3307
Q16665,WP4102
Q16665,WP4121
Q16665,WP2727
Q16665,WP2720
Q16665,WP4066
Q16665,WP1797
Q16665,WP4437
Q16678,WP4085
Q16678,WP2650
Q16678,WP5276
Q16718,WP4324
Q16718,WP1902
Q16719,WP4994
Q16719,WP5044
Q16719,WP4210
Q16720,WP1885
Q16720,WP3810
Q16720,WP4098
Q16739,WP1422
Q16739,WP5121
Q16739,WP4142
Q16739,WP5292
Q16739,WP2788
Q16739,WP4725
Q16760,WP1809
Q16772,WP4111
Q16773,WP465
Q16773,WP4994
Q16773,WP4992
Q16773,WP4981
Q16790,WP2727
Q16790,WP2770
Q16795,WP1902
Q16798,WP2766
Q16832,WP2703
Q16832,WP5373
Q16836,WP465
Q16836,WP4034
Q16836,WP5355
Q16850,WP4085
Q16850,WP2706
Q16850,WP5011
Q16850,WP1795
Q16850,WP5329
Q16853,WP4085
Q16873,WP4434
Q16873,WP167
Q16873,WP2650
Q16873,WP4439
Q16878,WP3574
Q16878,WP4504
Q16878,WP4292
Q16878,WP5355
Q16881,WP2824
Q16881,WP3349
Q16881,WP4059
Q16881,WP3791
Q16881,WP3360
Q16881,WP2797
Q2M2I8,WP4065
Q32P28,WP2725
Q4U2R8,WP1935
Q5JPH6,WP1938
Q5JVS0,WP1903
Q5KSL6,WP1809
Q5S007,WP4437
Q6IA69,WP4097
Q6IA69,WP4210
Q6NS38,WP1804
Q6NUM9,WP3839
Q6PHR2,WP3313
Q6V0L0,WP4085
Q6V0L0,WP4421
Q6W5P4,WP4419
Q6W5P4,WP4427
Q6W5P4,WP4993
Q6W5P4,WP4424
Q6YP21,WP465
Q6YP21,WP4994
Q70Z44,WP2754
Q71U36,WP1892
Q71U36,WP4075
Q71U36,WP2757
Q71U36,WP4124
Q71U36,WP1859
Q71U36,WP2652
Q71U36,WP3498
Q75N90,WP2666
Q7L7X3,WP2757
Q7L7X3,WP1775
Q7L7X3,WP2652
Q7L7X3,WP3379
Q7LG56,WP4584
Q7LG56,WP3349
Q7LG56,WP4059
Q7LG56,WP4224
Q7LG56,WP4225
Q7RTV2,WP4111
Q7Z2W7,WP4098
Q7Z460,WP2757
Q7Z460,WP4124
Q7Z460,WP1775
Q7Z460,WP1859
Q7Z460,WP2652
Q7Z460,WP3379
Q7Z460,WP1918
Q7Z460,WP3498
Q86U10,WP4979
Q86W47,WP2669
Q86W47,WP1885
Q86XP1,WP1809
Q86Y39,WP1902
Q86YB8,WP2736
Q86YN6,WP4414
Q86YN6,WP3331
Q86YN6,WP2797
Q86YN6,WP5318
Q8IVH4,WP1857
Q8IVH4,WP4034
Q8IVH4,WP4271
Q8IVL5,WP2725
Q8IVL6,WP2725
Q8IVL6,WP5312
Q8IW41,WP3838
Q8IW41,WP3307
Q8IW41,WP3404
Q8IWT1,WP5200
Q8IWT1,WP1843
Q8IWT1,WP3810
Q8IYT8,WP4863
Q8N159,WP4571
Q8N159,WP4595
Q8N159,WP4973
Q8N159,WP4583
Q8N159,WP497
Q8N1G2,WP5145
Q8N4C8,WP3404
Q8N5S9,WP1978
Q8N5S9,WP2688
Q8N5Z0,WP465
Q8N5Z0,WP4994
Q8N5Z0,WP5004
Q8N5Z0,WP5044
Q8N5Z0,WP4210
Q8N5Z0,WP5355
Q8N8R3,WP1936
Q8N8Y2,WP1913
Q8N8Y2,WP2670
Q8N8Y2,WP3551
Q8N8Y2,WP5015
Q8N8Y2,WP4098
Q8N907,WP2675
Q8NBN7,WP5188
Q8NBN7,WP4421
Q8NER1,WP4098
Q8NER1,WP5283
Q8NET8,WP4098
Q8NEY4,WP1913
Q8NEY4,WP2670
Q8NEY4,WP3551
Q8NEY4,WP5015
Q8NEY4,WP4098
Q8NI60,WP5037
Q8TBX8,WP2747
Q8TBX8,WP3816
Q8TBX8,WP4971
Q8TBX8,WP2653
Q8TC12,WP4421
Q8TC12,WP3839
Q8TC12,WP2776
Q8TCC7,WP1935
Q8TCT1,WP2740
Q8TCU5,WP5007
Q8TD43,WP4098
Q8TDS4,WP4423
Q8TDS4,WP4419
Q8TDU6,WP4419
Q8TDU6,WP4427
Q8TDU6,WP4993
Q8TE23,WP4423
Q8TE23,WP4418
Q8TED1,WP2824
Q8WUI4,WP3327
Q8WUI4,WP2720
Q8WUI4,WP1822
Q8WWQ8,WP2743
Q8WWQ8,WP2784
Q8WXA8,WP2754
Q8WXS5,WP3392
Q8WXS5,WP4459
Q8WXS5,WP3810
Q92506,WP4114
Q92506,WP5276
Q92569,WP2747
Q92569,WP2713
Q92569,WP4977
Q92569,WP1799
Q92569,WP2732
Q92569,WP1840
Q92569,WP1826
Q92569,WP2673
Q92569,WP4095
Q92569,WP2653
Q92569,WP4424
Q92570,WP4132
Q92731,WP4977
Q92731,WP1822
Q92731,WP4432
Q92731,WP2653
Q92731,WP4545
Q92731,WP5368
Q92736,WP3810
Q92736,WP4098
Q92753,WP3594
Q92753,WP1822
Q92769,WP3305
Q92769,WP3816
Q92769,WP4096
Q92769,WP3801
Q92769,WP2720
Q92769,WP5142
Q92769,WP5011
Q92769,WP1815
Q92769,WP4453
Q92769,WP3594
Q92769,WP4443
Q92769,WP1822
Q92769,WP3799
Q92769,WP4999
Q92769,WP4074
Q92769,WP4047
Q92781,WP4421
Q92781,WP2776
Q92800,WP5366
Q92806,WP2669
Q92806,WP4457
Q92847,WP4419
Q92847,WP4424
Q92887,WP1852
Q92887,WP1780
Q92887,WP5238
Q92887,WP5396
Q92887,WP5176
Q92911,WP3548
Q92911,WP1936
Q92947,WP5004
Q92947,WP4519
Q92947,WP5355
Q92952,WP2669
Q93050,WP1913
Q93050,WP2670
Q93050,WP4049
Q93050,WP3551
Q93050,WP4098
Q93086,WP1885
Q93088,WP3574
Q93088,WP4504
Q93088,WP4090
Q93088,WP4288
Q969G6,WP5037
Q969G6,WP1857
Q969S2,WP3345
Q969S2,WP3399
Q969S8,WP4096
Q969S8,WP2720
Q969S8,WP1822
Q96A05,WP1913
Q96A05,WP2670
Q96A05,WP3551
Q96A05,WP5015
Q96A05,WP4098
Q96A70,WP3555
Q96C36,WP4992
Q96DB2,WP2720
Q96DB2,WP1822
Q96EN8,WP1857
Q96EN8,WP4224
Q96FI4,WP3345
Q96FI4,WP3399
Q96G91,WP4419
Q96G91,WP4427
Q96G91,WP4993
Q96G91,WP4424
Q96GA7,WP3803
Q96GD4,WP5117
Q96GD4,WP3805
Q96GD4,WP3838
Q96GD4,WP2757
Q96GD4,WP4109
Q96GD4,WP4453
Q96GD4,WP1775
Q96GD4,WP2652
Q96GD4,WP3379
Q96I15,WP3791
Q96KS0,WP2727
Q96L34,WP4124
Q96L34,WP3498
Q96NR8,WP5188
Q96NR8,WP2776
Q96PR1,WP1831
Q96Q83,WP1804
Q96RD7,WP1934
Q96RD7,WP2763
Q96RI1,WP4085
Q96RI1,WP5238
Q96RI1,WP1788
Q96RI1,WP2797
Q96RQ3,WP3556
Q96RQ3,WP5031
Q96RQ3,WP1857
Q96RQ3,WP4686
Q96RQ9,WP465
Q96RQ9,WP4981
Q96RR4,WP1978
Q96RR4,WP2688
Q96S37,WP1935
Q96SL4,WP2824
Q99250,WP5200
Q99250,WP1843
Q99250,WP3810
Q99259,WP4453
Q99259,WP4159
Q99259,WP2685
Q99259,WP4157
Q99437,WP1913
Q99437,WP2670
Q99437,WP3551
Q99437,WP5015
Q99437,WP4098
Q99497,WP4972
Q99497,WP4976
Q99497,WP4445
Q99497,WP4986
Q99500,WP5192
Q99500,WP4423
Q99500,WP4419
Q99500,WP4977
Q99519,WP3363
Q99519,WP4049
Q99519,WP4153
Q99519,WP2788
Q99527,WP4423
Q99527,WP4419
Q99571,WP4998
Q99571,WP1885
Q99572,WP4998
Q99572,WP1885
Q99572,WP2763
Q99623,WP5038
Q99623,WP4134
Q99640,WP1775
Q99640,WP1859
Q99653,WP2743
Q99677,WP4419
Q99677,WP4424
Q99705,WP4423
Q99705,WP4419
Q99705,WP4124
Q99705,WP3498
Q99705,WP4424
Q99707,WP3574
Q99707,WP4111
Q99707,WP1857
Q99707,WP4504
Q99707,WP4292
Q99707,WP4271
Q99707,WP4259
Q99712,WP2669
Q99712,WP4457
Q99714,WP3556
Q99714,WP3829
Q99714,WP5241
Q99714,WP3809
Q99714,WP3684
Q99714,WP4686
Q99714,WP5276
Q99735,WP4111
Q99735,WP3306
Q99759,WP1839
Q99808,WP3591
Q99808,WP1937
Q99835,WP4420
Q99835,WP3316
Q99835,WP4124
Q99835,WP2839
Q99835,WP3313
Q99835,WP3498
Q99928,WP2781
Q99928,WP4457
Q9BPV8,WP4423
Q9BPV8,WP4419
Q9BQ31,WP1831
Q9BQB6,WP3822
Q9BQB6,WP5186
Q9BRS2,WP3797
Q9BTZ2,WP4442
Q9BTZ2,WP5188
Q9BTZ2,WP4421
Q9BUB5,WP3338
Q9BUB5,WP3334
Q9BUB5,WP3336
Q9BUB5,WP3335
Q9BVS4,WP3797
Q9BXJ7,WP4129
Q9BXJ7,WP1857
Q9BXJ7,WP4271
Q9BXT2,WP3810
Q9BY32,WP4792
Q9BY32,WP4042
Q9BY32,WP4224
Q9BY41,WP4096
Q9BY41,WP2720
Q9BY41,WP1822
Q9BY49,WP4442
Q9BY49,WP1878
Q9BY66,WP4096
Q9BYF1,WP5020
Q9BYF1,WP5021
Q9BYF1,WP5038
Q9BYF1,WP5183
Q9BYF1,WP4846
Q9BYF1,WP4799
Q9BYF1,WP5260
Q9BYF1,WP5133
Q9BYF1,WP4868
Q9BYF1,WP2729
Q9BYF1,WP5145
Q9BYF1,WP5036
Q9BYV1,WP3562
Q9BYV1,WP4042
Q9BYV1,WP4225
Q9BYZ2,WP2766
Q9GZT4,WP4688
Q9GZT4,WP4435
Q9GZT9,WP2727
Q9H015,WP1935
Q9H228,WP4423
Q9H228,WP4419
Q9H244,WP4423
Q9H244,WP4419
Q9H244,WP1908
Q9H2M3,WP3574
Q9H2S1,WP2669
Q9H2X6,WP3838
Q9H2X6,WP2738
Q9H2X6,WP4453
Q9H2X6,WP3810
Q9H2X6,WP4445
Q9H2X6,WP4105
Q9H2X6,WP1984
Q9H2X9,WP1936
Q9H3M0,WP2669
Q9H3N8,WP4423
Q9H3N8,WP4419
Q9H3S4,WP1857
Q9H3Y6,WP4437
Q9H4B4,WP3838
Q9H4B4,WP3804
Q9H4B7,WP1892
Q9H4B7,WP4075
Q9H4B7,WP2757
Q9H4Y5,WP4111
Q9H4Y5,WP1857
Q9H6Z9,WP2727
Q9H8P0,WP4521
Q9H8P0,WP1785
Q9H8P0,WP2749
Q9HA77,WP1938
Q9HAB3,WP5037
Q9HAB3,WP1857
Q9HB21,WP2747
Q9HB55,WP4085
Q9HBA0,WP4098
Q9HBG4,WP1913
Q9HBG4,WP2670
Q9HBG4,WP3551
Q9HBG4,WP4098
Q9HBK9,WP4111
Q9HC29,WP4102
Q9HC29,WP2792
Q9HC29,WP2656
Q9HC29,WP1839
Q9HC29,WP2763
Q9HCC0,WP3556
Q9HCC0,WP5031
Q9HCC0,WP1857
Q9HCC0,WP4686
Q9HD40,WP3791
Q9NPA1,WP2669
Q9NPA1,WP1885
Q9NPA2,WP2769
Q9NPA2,WP4049
Q9NPC2,WP2669
Q9NPC2,WP3810
Q9NPD5,WP1852
Q9NPD5,WP1788
Q9NPD5,WP1937
Q9NPD5,WP5368
Q9NPD5,WP5396
Q9NPD5,WP5176
Q9NPH2,WP2741
Q9NQU5,WP1918
Q9NQX3,WP1857
Q9NQX3,WP4507
Q9NR33,WP3345
Q9NR33,WP3567
Q9NR33,WP1803
Q9NR33,WP1858
Q9NR33,WP1980
Q9NR33,WP4461
Q9NR33,WP1925
Q9NR63,WP4085
Q9NR63,WP4421
Q9NR96,WP4448
Q9NR96,WP2775
Q9NR96,WP4868
Q9NR96,WP2709
Q9NR96,WP2768
Q9NR97,WP2775
Q9NR97,WP5187
Q9NR97,WP2709
Q9NRF9,WP3345
Q9NRF9,WP3567
Q9NRF9,WP1803
Q9NRF9,WP1858
Q9NRF9,WP1980
Q9NRF9,WP4461
Q9NRF9,WP1925
Q9NS40,WP3594
Q9NS75,WP4419
Q9NS75,WP1831
Q9NS75,WP4420
Q9NS75,WP4427
Q9NS75,WP4993
Q9NS75,WP4424
Q9NSA0,WP1935
Q9NSA2,WP3810
Q9NSD9,WP1938
Q9NUV7,WP2788
Q9NVH6,WP4996
Q9NVS9,WP1857
Q9NVS9,WP5028
Q9NWZ3,WP2761
Q9NWZ3,WP1839
Q9NWZ3,WP2801
Q9NWZ3,WP2768
Q9NWZ3,WP2653
Q9NXA8,WP3331
Q9NXB9,WP4114
Q9NXB9,WP2724
Q9NXB9,WP5329
Q9NY46,WP5200
Q9NY46,WP1843
Q9NY46,WP3810
Q9NY72,WP5200
Q9NY72,WP1843
Q9NY72,WP3810
Q9NYK1,WP4846
Q9NYK1,WP2775
Q9NYK1,WP5187
Q9NYK1,WP2709
Q9NYK1,WP2768
Q9NYP7,WP4114
Q9NYP7,WP2724
Q9NYR8,WP2776
Q9NYV7,WP4423
Q9NYV7,WP4418
Q9NYY3,WP3804
Q9NYY3,WP4993
Q9NZK7,WP2740
Q9NZV8,WP3810
Q9NZV8,WP3594
Q9P0J0,WP4324
Q9P0J0,WP1902
Q9P0X4,WP3591
Q9P0Z9,WP5004
Q9P0Z9,WP4442
Q9P286,WP1918
Q9P289,WP1784
Q9P2K8,WP4975
Q9P2K8,WP5044
Q9UBC3,WP3305
Q9UBC3,WP3312
Q9UBC3,WP3359
Q9UBC3,WP2853
Q9UBC3,WP4446
Q9UBF8,WP2747
Q9UBK8,WP3574
Q9UBK8,WP4111
Q9UBK8,WP1857
Q9UBK8,WP4271
Q9UBL9,WP1885
Q9UBM7,WP2706
Q9UBM7,WP1795
Q9UBM7,WP5064
Q9UBM7,WP4545
Q9UBN1,WP3392
Q9UBN1,WP4459
Q9UBN1,WP3810
Q9UBN1,WP1800
Q9UBN7,WP4972
Q9UBN7,WP3395
Q9UBN7,WP4415
Q9UBN7,WP4976
Q9UBN7,WP2720
Q9UBN7,WP4124
Q9UBN7,WP1822
Q9UBN7,WP4986
Q9UBN7,WP3498
Q9UBS5,WP2669
Q9UBS5,WP4423
Q9UBS5,WP4159
Q9UBS5,WP4418
Q9UBS5,WP4457
Q9UDR5,WP5004
Q9UEW3,WP2784
Q9UF33,WP3309
Q9UGI6,WP2669
Q9UGI6,WP5235
Q9UGI9,WP2748
Q9UGI9,WP3348
Q9UGI9,WP3331
Q9UGI9,WP3349
Q9UGI9,WP3838
Q9UGI9,WP4985
Q9UGI9,WP5181
Q9UGI9,WP2777
Q9UGJ0,WP2748
Q9UGJ0,WP1831
Q9UGJ0,WP3348
Q9UGJ0,WP3331
Q9UGJ0,WP3349
Q9UGJ0,WP3838
Q9UGJ0,WP4985
Q9UGJ0,WP4061
Q9UGJ0,WP2777
Q9UGJ0,WP5381
Q9UGM1,WP4454
Q9UGM6,WP1938
Q9UGN5,WP3345
Q9UGN5,WP1980
Q9UGN5,WP3570
Q9UHD2,WP3352
Q9UHD2,WP2794
Q9UHD2,WP2752
Q9UHD2,WP1839
Q9UHD2,WP1904
Q9UHF0,WP4419
Q9UHF0,WP4424
Q9UHI5,WP1794
Q9UHI5,WP1936
Q9UHQ9,WP1903
Q9UHQ9,WP2744
Q9UHW9,WP1936
Q9UI09,WP4324
Q9UI09,WP1902
Q9UI12,WP1913
Q9UI12,WP2670
Q9UI12,WP3551
Q9UI12,WP2684
Q9UI12,WP5015
Q9UI12,WP4098
Q9UI32,WP4571
Q9UI32,WP4595
Q9UI32,WP3349
Q9UI32,WP1871
Q9UI32,WP4992
Q9UI32,WP5220
Q9UI32,WP4583
Q9UI32,WP4157
Q9UI32,WP4225
Q9UI32,WP5355
Q9UI33,WP1843
Q9UI33,WP3810
Q9UIK4,WP3317
Q9UJ90,WP3810
Q9UJ96,WP1831
Q9UJU2,WP4107
Q9UJU2,WP3558
Q9UJU2,WP2773
Q9UJU2,WP4995
Q9UJU2,WP2849
Q9UJU2,WP2840
Q9UJU2,WP5001
Q9UJU2,WP2839
Q9UJU2,WP3339
Q9UK17,WP3810
Q9UK32,WP1843
Q9UK32,WP5322
Q9UKE5,WP3404
Q9UKG9,WP4442
Q9UKG9,WP1878
Q9UKI8,WP2516
Q9UKU7,WP3556
Q9UKU7,WP4686
Q9UKV0,WP2720
Q9UKV0,WP1822
Q9UL51,WP2669
Q9ULB1,WP2703
Q9ULB1,WP4133
Q9ULB1,WP5348
Q9ULX7,WP2770
Q9ULY5,WP3354
Q9UM07,WP4096
Q9UM73,WP4928
Q9UN88,WP2781
Q9UN88,WP4457
Q9UNK4,WP2740
Q9UNN8,WP1794
Q9UNN8,WP1818
Q9UNQ0,WP1852
Q9UNQ0,WP2712
Q9UNQ0,WP2670
Q9UNQ0,WP5322
Q9UNX9,WP2669
Q9UNX9,WP3810
Q9UP52,WP2670
Q9UPY5,WP1794
Q9UPY5,WP1936
Q9UQD0,WP5200
Q9UQD0,WP1843
Q9UQD0,WP3810
Q9UQF2,WP5348
Q9UQL6,WP2720
Q9UQL6,WP1822
Q9UQL6,WP5158
Q9UQM7,WP3395
Q9UQM7,WP4459
Q9UQM7,WP5200
Q9UQM7,WP1978
Q9UQM7,WP3558
Q9UQM7,WP1836
Q9UQM7,WP4453
Q9UQM7,WP3810
Q9UQM7,WP2735
Q9UQM7,WP2688
Q9UQM7,WP4098
Q9UQM7,WP5007
Q9UQQ2,WP2713
Q9UQQ2,WP5016
Q9UQQ2,WP1815
Q9Y234,WP3562
Q9Y257,WP2669
Q9Y257,WP3810
Q9Y271,WP4419
Q9Y271,WP5122
Q9Y271,WP5321
Q9Y271,WP4993
Q9Y271,WP4424
Q9Y285,WP1938
Q9Y289,WP1857
Q9Y289,WP1937
Q9Y2D1,WP3594
Q9Y2D1,WP4978
Q9Y2Q3,WP4111
Q9Y2Q3,WP4442
Q9Y2T6,WP4423
Q9Y2T6,WP4419
Q9Y2U5,WP5366
Q9Y3I0,WP3552
Q9Y3R4,WP3363
Q9Y3R4,WP4153
Q9Y3R4,WP2788
Q9Y3R4,WP5302
Q9Y478,WP2748
Q9Y478,WP3348
Q9Y478,WP3331
Q9Y478,WP3349
Q9Y478,WP3838
Q9Y478,WP4985
Q9Y478,WP2777
Q9Y478,WP5381
Q9Y487,WP1913
Q9Y487,WP2670
Q9Y487,WP3551
Q9Y487,WP4098
Q9Y4U1,WP1857
Q9Y4U1,WP4271
Q9Y5K3,WP2740
Q9Y5K8,WP1913
Q9Y5K8,WP2670
Q9Y5K8,WP4049
Q9Y5K8,WP3551
Q9Y5K8,WP5015
Q9Y5K8,WP4098
Q9Y5N1,WP4419
Q9Y5S1,WP4098
Q9Y5S8,WP5038
Q9Y5S8,WP5005
Q9Y5S8,WP3396
Q9Y5S8,WP5183
Q9Y5S8,WP5260
Q9Y5Y4,WP4423
Q9Y5Y4,WP4419
Q9Y5Y9,WP1843
Q9Y5Y9,WP3810
Q9Y600,WP3574
Q9Y600,WP4504
Q9Y600,WP4292
Q9Y616,WP3851
Q9Y616,WP2761
Q9Y616,WP1839
Q9Y617,WP4688
Q9Y617,WP4435
Q9Y617,WP5312
Q9Y617,WP5355
Q9Y666,WP1936
Q9Y694,WP1935
Q9Y698,WP3392
Q9Y698,WP4459
Q9Y698,WP1800
Q9Y6E0,WP1784
Q9Y6H6,WP3810
Q9Y6J6,WP3810
Q9Y6K1,WP3312
Q9Y6K1,WP4096
Q9Y6K1,WP3359
Q9Y6K1,WP4446
Q9Y6L6,WP1852
Q9Y6L6,WP1788
Q9Y6L6,WP1937
Q9Y6L6,WP5368
Q9Y6L6,WP5396
Q9Y6L6,WP5176
Q9Y6M9,WP4324
Q9Y6M9,WP1902
Q9Y6T7,WP1809
Q9Y6Y9,WP2752
Q9Y6Y9,WP2761
Q9Y6Y9,WP3577
Q9Y6Y9,WP2775
Q9Y6Y9,WP4069
Q9Y6Y9,WP2768
Q9Y6Y9,WP3358
