Drug,Protein
DB00552,P00813
DB06176,Q9UBN7
DB02546,Q9UBN7
DB06603,Q9UBN7
DB06176,Q9UQL6
DB02546,Q9UQL6
DB06603,Q9UQL6
DB09074,Q9UGN5
DB12332,Q9UGN5
DB12332,Q9Y6F1
DB09220,O60706
DB09073,P11802
DB11730,P11802
DB09073,Q00534
DB11730,Q00534
DB00574,Q99720
DB00514,Q99720
DB00309,Q13509
DB08871,Q13509
DB01394,Q13509
DB06772,Q13509
DB00361,Q13509
DB01196,Q13509
DB01229,Q13509
DB01248,Q13509
DB00541,Q13509
DB04845,Q13509
DB04845,P68371
DB01394,P68371
DB01248,P68371
DB01229,P68371
DB06772,P68371
DB00541,P68371
DB00361,P68371
DB00309,P68371
DB01196,P68371
DB08871,P68371
DB08820,P13569
DB09280,P13569
DB11712,P13569
DB00471,Q9Y271
DB00549,Q9Y271
DB00824,Q9Y233
DB01303,Q9Y233
DB01113,Q9Y233
DB00651,Q9Y233
DB01223,Q9Y233
DB00277,Q9Y233
DB06698,Q9Y5N1
DB05381,Q9Y5N1
DB00091,Q99653
DB00864,Q99653
DB00376,P11229
DB09300,P11229
DB00747,P11229
DB00411,P11229
DB00245,P11229
DB01062,P11229
DB00810,P11229
DB09076,P11229
DB00809,P11229
DB00340,P11229
DB00477,P11229
DB01231,P11229
DB00462,P11229
DB08897,P11229
DB00424,P11229
DB00670,P11229
DB00387,P11229
DB12278,P11229
DB00392,P11229
DB00725,P11229
DB00383,P11229
DB00572,P11229
DB00517,P11229
DB00728,P11229
DB09119,Q9UI33
DB01320,Q9UI33
DB00907,Q9UI33
DB00892,Q9UI33
DB00776,Q9UI33
DB00564,Q9UI33
DB00527,Q9UI33
DB09085,Q9UI33
DB00273,Q9UI33
DB00750,Q9UI33
DB00280,Q9UI33
DB00909,Q9UI33
DB06201,Q9UI33
DB01182,Q9UI33
DB01086,Q9UI33
DB00281,Q9UI33
DB01118,Q9UI33
DB01426,Q9UI33
DB00721,Q9UI33
DB00532,Q9UI33
DB01228,Q9UI33
DB01056,Q9UI33
DB00908,Q9UI33
DB00807,Q9UI33
DB01002,Q9UI33
DB00961,Q9UI33
DB01161,Q9UI33
DB01195,Q9UI33
DB00252,Q9UI33
DB00555,Q9UI33
DB01231,P08172
DB00747,P08172
DB00424,P08172
DB08897,P08172
DB00392,P08172
DB12278,P08172
DB00376,P08172
DB00728,P08172
DB00477,P08172
DB00670,P08172
DB00810,P08172
DB00462,P08172
DB00383,P08172
DB00209,P08172
DB09076,P08172
DB06702,P08172
DB00340,P08172
DB00245,P08172
DB01085,P08172
DB00725,P08172
DB00387,P08172
DB01062,P08172
DB00572,P08172
DB09300,P08172
DB00809,P08172
DB00517,P08172
DB08801,P08172
DB00411,P08172
DB01062,P20309
DB00387,P20309
DB01085,P20309
DB00670,P20309
DB08897,P20309
DB00809,P20309
DB09300,P20309
DB00572,P20309
DB00245,P20309
DB00810,P20309
DB00376,P20309
DB00424,P20309
DB01591,P20309
DB00517,P20309
DB09076,P20309
DB01231,P20309
DB00340,P20309
DB00477,P20309
DB00411,P20309
DB00185,P20309
DB00496,P20309
DB06702,P20309
DB00209,P20309
DB00986,P20309
DB00747,P20309
DB00725,P20309
DB12278,P20309
DB01036,P20309
DB00462,P20309
DB00383,P20309
DB00728,P20309
DB00392,P20309
DB00424,P08173
DB00376,P08173
DB00809,P08173
DB00810,P08173
DB00747,P08173
DB00387,P08173
DB00462,P08173
DB12278,P08173
DB01062,P08173
DB08897,P08173
DB00517,P08173
DB09300,P08173
DB09076,P08173
DB00340,P08173
DB00392,P08173
DB00572,P08173
DB00728,P08173
DB00477,P08173
DB00670,P08173
DB01231,P08173
DB00245,P08173
DB00411,P08173
DB00725,P08173
DB00376,P08912
DB00387,P08912
DB00670,P08912
DB00245,P08912
DB09076,P08912
DB00747,P08912
DB00810,P08912
DB00340,P08912
DB08897,P08912
DB00462,P08912
DB00392,P08912
DB00725,P08912
DB00411,P08912
DB01062,P08912
DB00728,P08912
DB00517,P08912
DB00572,P08912
DB00424,P08912
DB09300,P08912
DB12278,P08912
DB01231,P08912
DB00809,P08912
DB00477,P08912
DB00184,P02708
DB00416,P02708
DB01135,Q15822
DB00732,Q15822
DB00184,Q15822
DB00728,Q15822
DB00728,P32297
DB01135,P32297
DB00732,P32297
DB00184,P32297
DB01135,P43681
DB00732,P43681
DB00184,P43681
DB00728,P43681
DB00732,P30532
DB00728,P30532
DB00184,P30532
DB01135,P30532
DB00732,P36544
DB00184,P36544
DB01135,P36544
DB00728,P36544
DB01135,P17787
DB00732,P17787
DB00728,P17787
DB00184,P17787
DB01135,Q05901
DB00728,Q05901
DB00732,Q05901
DB00184,Q05901
DB00732,P30926
DB00728,P30926
DB00184,P30926
DB01135,P30926
DB11560,Q96S37
DB01173,Q8TCU5
DB00949,Q8TCU5
DB00949,O60391
DB01173,O60391
DB01046,P51788
DB01213,P07327
DB01213,P00325
DB01213,P00326
DB00470,P21554
DB06155,P21554
DB00486,P21554
DB00486,P34972
DB00470,P34972
DB00323,P21964
DB00494,P21964
DB00640,P30542
DB01223,P30542
DB00277,P30542
DB00824,P30542
DB00651,P30542
DB01303,P30542
DB00201,P30542
DB00824,P29274
DB00201,P29274
DB01303,P29274
DB00640,P29274
DB06213,P29274
DB00277,P29275
DB00640,P29275
DB01223,P29275
DB00651,P29275
DB00824,P29275
DB06775,P31327
DB09067,P34998
DB09074,P09874
DB12332,P09874
DB01268,P07333
DB01608,P25100
DB00388,P25100
DB00696,P25100
DB01162,P25100
DB09205,P25100
DB00449,P25100
DB00211,P25100
DB00723,P25100
DB01118,P25100
DB00334,P25100
DB00590,P25100
DB00699,P25100
DB00368,P25100
DB08950,P25100
DB00298,P25100
DB01149,P25100
DB00598,P25100
DB06262,P25100
DB00450,P25100
DB00457,P25100
DB00226,P25100
DB01253,P25100
DB06711,P25100
DB00353,P25100
DB06764,P25100
DB13345,P25100
DB01136,P25100
DB06694,P25100
DB04855,P25100
DB00852,P25100
DB01364,P25100
DB00668,P25100
DB01136,P35368
DB00852,P35368
DB01253,P35368
DB00723,P35368
DB00334,P35368
DB00668,P35368
DB00699,P35368
DB01118,P35368
DB06694,P35368
DB01149,P35368
DB00388,P35368
DB08950,P35368
DB13345,P35368
DB00449,P35368
DB06711,P35368
DB00696,P35368
DB00368,P35368
DB01608,P35368
DB06764,P35368
DB00598,P35368
DB00226,P35368
DB00353,P35368
DB00450,P35368
DB04855,P35368
DB00211,P35368
DB09205,P35368
DB01364,P35368
DB00590,P35368
DB01162,P35368
DB00457,P35368
DB06262,P35368
DB00298,P35368
DB00852,P35348
DB00226,P35348
DB00590,P35348
DB01608,P35348
DB06711,P35348
DB01118,P35348
DB01136,P35348
DB00935,P35348
DB00699,P35348
DB06207,P35348
DB01253,P35348
DB00298,P35348
DB01149,P35348
DB00723,P35348
DB08950,P35348
DB00696,P35348
DB00457,P35348
DB00449,P35348
DB06694,P35348
DB00211,P35348
DB01364,P35348
DB00598,P35348
DB00353,P35348
DB06764,P35348
DB01162,P35348
DB00388,P35348
DB00450,P35348
DB00668,P35348
DB00346,P35348
DB00334,P35348
DB06262,P35348
DB04855,P35348
DB13345,P35348
DB00368,P35348
DB09205,P35348
DB00363,P08913
DB00633,P08913
DB06707,P08913
DB01364,P08913
DB00217,P08913
DB01100,P08913
DB00852,P08913
DB00449,P08913
DB00484,P08913
DB01018,P08913
DB13345,P08913
DB00968,P08913
DB00575,P08913
DB06262,P08913
DB01253,P08913
DB00226,P08913
DB00477,P08913
DB00629,P08913
DB09242,P08913
DB00353,P08913
DB00368,P08913
DB00370,P08913
DB06694,P08913
DB00668,P08913
DB06694,P18089
DB06262,P18089
DB00629,P18089
DB00226,P18089
DB00217,P18089
DB01253,P18089
DB00363,P18089
DB00668,P18089
DB00449,P18089
DB00575,P18089
DB00368,P18089
DB00852,P18089
DB09242,P18089
DB00968,P18089
DB00370,P18089
DB00353,P18089
DB00633,P18089
DB06707,P18089
DB00484,P18089
DB13345,P18089
DB01364,P18089
DB00477,P18089
DB00368,P18825
DB00477,P18825
DB00370,P18825
DB00629,P18825
DB00217,P18825
DB00449,P18825
DB06694,P18825
DB00226,P18825
DB01364,P18825
DB00968,P18825
DB00575,P18825
DB00363,P18825
DB00852,P18825
DB00484,P18825
DB00668,P18825
DB01253,P18825
DB09242,P18825
DB06707,P18825
DB00353,P18825
DB06262,P18825
DB00633,P18825
DB13345,P18825
DB06262,P08588
DB01359,P08588
DB00187,P08588
DB01136,P08588
DB01102,P08588
DB00598,P08588
DB00571,P08588
DB01118,P08588
DB01364,P08588
DB00335,P08588
DB00368,P08588
DB00668,P08588
DB00449,P08588
DB04861,P08588
DB01203,P08588
DB00841,P08588
DB00521,P08588
DB00264,P08588
DB01297,P08588
DB04846,P08588
DB00612,P08588
DB00852,P08588
DB01193,P08588
DB00960,P08588
DB13781,P08588
DB01214,P08588
DB04855,P08588
DB00983,P07550
DB00816,P07550
DB00221,P07550
DB00852,P07550
DB00960,P07550
DB01203,P07550
DB00368,P07550
DB01359,P07550
DB13139,P07550
DB00571,P07550
DB06262,P07550
DB01102,P07550
DB09080,P07550
DB00449,P07550
DB00668,P07550
DB01136,P07550
DB00867,P07550
DB05039,P07550
DB01214,P07550
DB00521,P07550
DB01364,P07550
DB00938,P07550
DB01274,P07550
DB01288,P07550
DB01001,P07550
DB00598,P07550
DB09082,P07550
DB00852,P13945
DB00449,P13945
DB00521,P13945
DB00571,P13945
DB01214,P13945
DB00368,P13945
DB14895,P13945
DB01359,P13945
DB00960,P13945
DB01102,P13945
DB01364,P13945
DB00668,P13945
DB06262,P13945
DB08893,P13945
DB01011,P15538
DB05812,P05093
DB00648,P05093
DB01006,P11511
DB00357,P11511
DB01217,P11511
DB00990,P11511
DB00894,P11511
DB09477,P12821
DB01340,P12821
DB00178,P12821
DB00584,P12821
DB00542,P12821
DB13166,P12821
DB00881,P12821
DB01197,P12821
DB00519,P12821
DB00790,P12821
DB01348,P12821
DB00492,P12821
DB00722,P12821
DB12783,P20711
DB00190,P20711
DB00969,Q8WXA8
DB00904,Q8WXA8
DB00363,Q8WXA8
DB00370,Q8WXA8
DB09068,Q8WXA8
DB00377,Q8WXA8
DB01157,P00374
DB00563,P00374
DB06813,P00374
DB00642,P00374
DB08880,Q02127
DB01097,Q02127
DB01418,P15559
DB00928,P26358
DB01262,P26358
DB00928,Q9Y6K1
DB01262,Q9Y6K1
DB00928,Q9UBC3
DB01262,Q9UBC3
DB01080,P80404
DB00313,P80404
DB01597,P16444
DB06203,P27487
DB08882,P27487
DB06335,P27487
DB01261,P27487
DB09257,Q12882
DB01235,P21728
DB00988,P21728
DB01624,P21728
DB00875,P21728
DB01621,P21728
DB01239,P21728
DB00800,P21728
DB00714,P21728
DB00477,P14416
DB00734,P14416
DB00420,P14416
DB00502,P14416
DB06016,P14416
DB00714,P14416
DB00933,P14416
DB01233,P14416
DB00391,P14416
DB01608,P14416
DB00988,P14416
DB01267,P14416
DB00589,P14416
DB00508,P14416
DB00268,P14416
DB01624,P14416
DB08815,P14416
DB00372,P14416
DB01200,P14416
DB01238,P14416
DB00623,P14416
DB00831,P14416
DB01235,P14416
DB00850,P14416
DB01224,P14416
DB01618,P14416
DB00490,P14416
DB01621,P14416
DB06288,P14416
DB04946,P14416
DB00413,P14416
DB00433,P14416
DB01184,P14416
DB06144,P14416
DB00246,P14416
DB00875,P14416
DB09128,P14416
DB14185,P14416
DB00248,P14416
DB00450,P14416
DB00334,P14416
DB09225,P14416
DB05271,P14416
DB01239,P14416
DB01623,P14416
DB00408,P14416
DB01403,P14416
DB06216,P14416
DB01100,P14416
DB00679,P14416
DB00268,P35462
DB00334,P35462
DB14185,P35462
DB01238,P35462
DB00589,P35462
DB06288,P35462
DB01235,P35462
DB00413,P35462
DB01623,P35462
DB00988,P35462
DB00363,P21917
DB00413,P21917
DB00589,P21917
DB01235,P21917
DB00334,P21917
DB00268,P21917
DB00988,P21917
DB01235,P21918
DB00988,P21918
DB00678,P30556
DB08822,P30556
DB00876,P30556
DB00177,P30556
DB00275,P30556
DB00966,P30556
DB00796,P30556
DB01029,P30556
DB08868,P21453
DB00559,P25101
DB08932,P25101
DB06268,P25101
DB00559,P24530
DB08932,P24530
DB11963,P00533
DB01259,P00533
DB00530,P00533
DB05294,P00533
DB00179,P00533
DB08916,P00533
DB00317,P00533
DB01254,P29317
DB09068,Q70Z44
DB00377,Q70Z44
DB00363,Q70Z44
DB00969,Q70Z44
DB00370,Q70Z44
DB00904,Q70Z44
DB00309,P07437
DB06772,P07437
DB01394,P07437
DB01229,P07437
DB01196,P07437
DB04845,P07437
DB08871,P07437
DB00361,P07437
DB01248,P07437
DB00541,P07437
DB01259,P04626
DB08916,P04626
DB11963,P04626
DB08916,Q15303
DB11963,Q15303
DB04575,P03372
DB01357,P03372
DB00890,P03372
DB00255,P03372
DB00823,P03372
DB04573,P03372
DB06202,P03372
DB13954,P03372
DB00977,P03372
DB00947,P03372
DB00783,P03372
DB13952,P03372
DB04938,P03372
DB00675,P03372
DB00304,P03372
DB00882,P03372
DB06401,P03372
DB00655,P03372
DB01708,P03372
DB09070,P03372
DB01406,P03372
DB00947,Q92731
DB04573,Q92731
DB00882,Q92731
DB00255,Q92731
DB00783,Q92731
DB01708,Q92731
DB01357,Q92731
DB06202,Q92731
DB06401,Q92731
DB13952,Q92731
DB13954,Q92731
DB00890,Q92731
DB00675,Q92731
DB00655,Q92731
DB00006,P00734
DB06695,P00734
DB09030,P25116
DB09075,P00742
DB06228,P00742
DB06605,P00742
DB00822,P05091
DB00822,P30837
DB00399,P14324
DB00282,P14324
DB00884,P14324
DB00822,P51648
DB08896,P11362
DB09078,P11362
DB09079,P11362
DB09079,P22607
DB09078,P22607
DB09079,P21802
DB09078,P21802
DB09078,P22455
DB08896,P17948
DB06626,P17948
DB09079,P17948
DB06589,P17948
DB09078,P17948
DB01268,P17948
DB01268,P36888
DB06595,P36888
DB00398,P36888
DB09079,P35916
DB06626,P35916
DB01268,P35916
DB06589,P35916
DB00398,P35916
DB09078,P35916
DB08896,P35916
DB00703,Q9ULX7
DB00869,Q9ULX7
DB01144,Q9ULX7
DB00819,Q9ULX7
DB09063,Q9UM73
DB11363,Q9UM73
DB08865,Q9UM73
DB00744,P09917
DB06287,P42345
DB01590,P42345
DB00877,P42345
DB01254,P00519
DB04868,P00519
DB00619,P00519
DB08901,P00519
DB06616,P00519
DB01254,P06241
DB00491,P10253
DB00284,P10253
DB00181,Q9UBS5
DB02530,Q9UBS5
DB00418,P14867
DB01544,P14867
DB01205,P14867
DB00842,P14867
DB01353,P14867
DB01198,P14867
DB01559,P14867
DB00312,P14867
DB01068,P14867
DB00186,P14867
DB00349,P14867
DB01437,P14867
DB00231,P14867
DB01588,P14867
DB00690,P14867
DB00292,P14867
DB02530,P14867
DB00273,P14867
DB00801,P14867
DB00628,P14867
DB00371,P14867
DB01595,P14867
DB01589,P14867
DB00818,P14867
DB00404,P14867
DB00849,P14867
DB00474,P14867
DB00306,P14867
DB06716,P14867
DB00683,P14867
DB01107,P14867
DB00897,P14867
DB00237,P14867
DB01558,P14867
DB01174,P14867
DB01351,P14867
DB00829,P14867
DB00962,P14867
DB01215,P14867
DB00475,P14867
DB01154,P14867
DB00371,P47869
DB00628,P47869
DB00842,P47869
DB01437,P47869
DB00829,P47869
DB00818,P47869
DB01588,P47869
DB01595,P47869
DB01559,P47869
DB01353,P47869
DB01154,P47869
DB00306,P47869
DB00231,P47869
DB01544,P47869
DB01558,P47869
DB01205,P47869
DB00273,P47869
DB02530,P47869
DB01589,P47869
DB00418,P47869
DB00312,P47869
DB00683,P47869
DB00237,P47869
DB01174,P47869
DB00349,P47869
DB00801,P47869
DB00849,P47869
DB01198,P47869
DB01215,P47869
DB00690,P47869
DB01351,P47869
DB00475,P47869
DB00404,P47869
DB06716,P47869
DB00897,P47869
DB01068,P47869
DB00186,P47869
DB00231,P34903
DB00306,P34903
DB01437,P34903
DB01559,P34903
DB00237,P34903
DB01558,P34903
DB01588,P34903
DB00849,P34903
DB00897,P34903
DB00818,P34903
DB00273,P34903
DB00829,P34903
DB01589,P34903
DB00690,P34903
DB01174,P34903
DB00475,P34903
DB00842,P34903
DB01198,P34903
DB01205,P34903
DB00404,P34903
DB01351,P34903
DB00683,P34903
DB01068,P34903
DB00628,P34903
DB02530,P34903
DB01353,P34903
DB00371,P34903
DB00801,P34903
DB01544,P34903
DB00418,P34903
DB00349,P34903
DB00186,P34903
DB01595,P34903
DB01154,P34903
DB01215,P34903
DB06716,P34903
DB00312,P34903
DB02530,P48169
DB00404,P48169
DB00306,P48169
DB00690,P48169
DB00371,P48169
DB01437,P48169
DB00273,P48169
DB00683,P48169
DB01558,P48169
DB01174,P48169
DB01215,P48169
DB01589,P48169
DB00349,P48169
DB01351,P48169
DB00418,P48169
DB00628,P48169
DB00842,P48169
DB00237,P48169
DB01154,P48169
DB00829,P48169
DB00186,P48169
DB00897,P48169
DB00818,P48169
DB01559,P48169
DB00801,P48169
DB01544,P48169
DB00475,P48169
DB01353,P48169
DB00312,P48169
DB01595,P48169
DB01198,P48169
DB00231,P48169
DB00849,P48169
DB01068,P48169
DB06716,P48169
DB01588,P48169
DB01205,P48169
DB00186,P31644
DB01558,P31644
DB01205,P31644
DB00231,P31644
DB00306,P31644
DB01351,P31644
DB01595,P31644
DB01198,P31644
DB02530,P31644
DB00801,P31644
DB00371,P31644
DB00349,P31644
DB00237,P31644
DB00683,P31644
DB00404,P31644
DB01353,P31644
DB01437,P31644
DB00273,P31644
DB00690,P31644
DB00842,P31644
DB01215,P31644
DB01589,P31644
DB00818,P31644
DB01559,P31644
DB00418,P31644
DB01544,P31644
DB01068,P31644
DB01154,P31644
DB01174,P31644
DB06716,P31644
DB00897,P31644
DB00312,P31644
DB00628,P31644
DB00829,P31644
DB00475,P31644
DB01588,P31644
DB00849,P31644
DB00628,Q16445
DB01437,Q16445
DB01198,Q16445
DB01351,Q16445
DB02530,Q16445
DB01559,Q16445
DB00231,Q16445
DB00801,Q16445
DB01068,Q16445
DB01215,Q16445
DB00312,Q16445
DB00237,Q16445
DB01589,Q16445
DB00849,Q16445
DB01154,Q16445
DB00273,Q16445
DB00306,Q16445
DB00349,Q16445
DB00842,Q16445
DB00404,Q16445
DB00818,Q16445
DB00186,Q16445
DB01353,Q16445
DB01595,Q16445
DB00371,Q16445
DB01174,Q16445
DB01205,Q16445
DB06716,Q16445
DB00683,Q16445
DB00475,Q16445
DB01558,Q16445
DB00897,Q16445
DB00690,Q16445
DB00418,Q16445
DB00829,Q16445
DB01588,Q16445
DB01544,Q16445
DB00842,P18505
DB00273,P18505
DB02530,P18505
DB00628,P18505
DB01068,P18505
DB00349,P18505
DB01351,P18505
DB01353,P18505
DB00371,P18505
DB01559,P18505
DB00418,P18505
DB00404,P18505
DB01558,P18505
DB01437,P18505
DB00801,P18505
DB00186,P18505
DB00231,P18505
DB01544,P18505
DB01588,P18505
DB00683,P18505
DB01589,P18505
DB00475,P18505
DB00818,P18505
DB01215,P18505
DB01205,P18505
DB06716,P18505
DB00829,P18505
DB00849,P18505
DB01174,P18505
DB00237,P18505
DB00306,P18505
DB00312,P18505
DB01198,P18505
DB01154,P18505
DB01595,P18505
DB00690,P18505
DB00897,P18505
DB01351,P47870
DB01353,P47870
DB00842,P47870
DB00371,P47870
DB01154,P47870
DB00801,P47870
DB02530,P47870
DB00818,P47870
DB00231,P47870
DB00683,P47870
DB01437,P47870
DB00628,P47870
DB00306,P47870
DB00312,P47870
DB01215,P47870
DB00829,P47870
DB01558,P47870
DB00690,P47870
DB00273,P47870
DB00404,P47870
DB00897,P47870
DB00237,P47870
DB01589,P47870
DB06716,P47870
DB01588,P47870
DB01559,P47870
DB01068,P47870
DB00186,P47870
DB00849,P47870
DB01205,P47870
DB01595,P47870
DB00475,P47870
DB01174,P47870
DB01198,P47870
DB00349,P47870
DB00418,P47870
DB01544,P47870
DB01437,P28472
DB01558,P28472
DB00842,P28472
DB00849,P28472
DB00306,P28472
DB00418,P28472
DB01154,P28472
DB01544,P28472
DB00231,P28472
DB01559,P28472
DB00829,P28472
DB00475,P28472
DB01198,P28472
DB00273,P28472
DB00371,P28472
DB01595,P28472
DB01215,P28472
DB00237,P28472
DB01068,P28472
DB00683,P28472
DB00349,P28472
DB00186,P28472
DB00312,P28472
DB01351,P28472
DB06716,P28472
DB00801,P28472
DB00628,P28472
DB01353,P28472
DB02530,P28472
DB01174,P28472
DB00897,P28472
DB01588,P28472
DB00404,P28472
DB01589,P28472
DB00690,P28472
DB01205,P28472
DB00818,P28472
DB02530,O14764
DB00349,O14764
DB00829,O14764
DB00371,O14764
DB01351,O14764
DB01595,O14764
DB00237,O14764
DB00801,O14764
DB01559,O14764
DB01174,O14764
DB00683,O14764
DB01558,O14764
DB00628,O14764
DB01437,O14764
DB00418,O14764
DB00818,O14764
DB00312,O14764
DB00306,O14764
DB01353,O14764
DB00897,O14764
DB01068,O14764
DB01544,O14764
DB01205,O14764
DB00231,O14764
DB01589,O14764
DB01198,O14764
DB00273,O14764
DB00842,O14764
DB00186,O14764
DB00404,O14764
DB01154,O14764
DB00475,O14764
DB06716,O14764
DB00690,O14764
DB01588,O14764
DB01215,O14764
DB00849,O14764
DB00371,P78334
DB00306,P78334
DB00231,P78334
DB00842,P78334
DB00418,P78334
DB01558,P78334
DB00628,P78334
DB01068,P78334
DB01353,P78334
DB00404,P78334
DB00683,P78334
DB01559,P78334
DB00897,P78334
DB01174,P78334
DB00690,P78334
DB01215,P78334
DB00349,P78334
DB01437,P78334
DB01588,P78334
DB00801,P78334
DB00829,P78334
DB00273,P78334
DB01351,P78334
DB01198,P78334
DB01595,P78334
DB00237,P78334
DB01544,P78334
DB06716,P78334
DB00312,P78334
DB02530,P78334
DB01205,P78334
DB01154,P78334
DB00818,P78334
DB00186,P78334
DB00849,P78334
DB00475,P78334
DB01589,P78334
DB01559,Q8N1C3
DB00801,Q8N1C3
DB01437,Q8N1C3
DB00306,Q8N1C3
DB00186,Q8N1C3
DB02530,Q8N1C3
DB01558,Q8N1C3
DB01174,Q8N1C3
DB01353,Q8N1C3
DB00349,Q8N1C3
DB01198,Q8N1C3
DB00628,Q8N1C3
DB00273,Q8N1C3
DB01544,Q8N1C3
DB00404,Q8N1C3
DB06716,Q8N1C3
DB00475,Q8N1C3
DB00842,Q8N1C3
DB00231,Q8N1C3
DB00849,Q8N1C3
DB00371,Q8N1C3
DB00683,Q8N1C3
DB00829,Q8N1C3
DB01588,Q8N1C3
DB00418,Q8N1C3
DB00690,Q8N1C3
DB00818,Q8N1C3
DB00897,Q8N1C3
DB01154,Q8N1C3
DB01595,Q8N1C3
DB00312,Q8N1C3
DB01205,Q8N1C3
DB01589,Q8N1C3
DB01351,Q8N1C3
DB00237,Q8N1C3
DB01215,Q8N1C3
DB01068,Q8N1C3
DB00306,P18507
DB00897,P18507
DB02530,P18507
DB01559,P18507
DB00628,P18507
DB01437,P18507
DB01174,P18507
DB06716,P18507
DB00312,P18507
DB00231,P18507
DB00842,P18507
DB01353,P18507
DB00690,P18507
DB01558,P18507
DB01588,P18507
DB01544,P18507
DB00349,P18507
DB00404,P18507
DB00801,P18507
DB00186,P18507
DB00475,P18507
DB01351,P18507
DB00371,P18507
DB01205,P18507
DB00849,P18507
DB00273,P18507
DB01595,P18507
DB00418,P18507
DB01198,P18507
DB01215,P18507
DB00818,P18507
DB01154,P18507
DB01589,P18507
DB00237,P18507
DB00683,P18507
DB01068,P18507
DB00829,P18507
DB00801,Q99928
DB02530,Q99928
DB01353,Q99928
DB00273,Q99928
DB00418,Q99928
DB01205,Q99928
DB01559,Q99928
DB00371,Q99928
DB01198,Q99928
DB00628,Q99928
DB00404,Q99928
DB01351,Q99928
DB00690,Q99928
DB06716,Q99928
DB01437,Q99928
DB00475,Q99928
DB00849,Q99928
DB01588,Q99928
DB00842,Q99928
DB01154,Q99928
DB00237,Q99928
DB01174,Q99928
DB01544,Q99928
DB00349,Q99928
DB00312,Q99928
DB00231,Q99928
DB00683,Q99928
DB00818,Q99928
DB00306,Q99928
DB00829,Q99928
DB01589,Q99928
DB01068,Q99928
DB01558,Q99928
DB00186,Q99928
DB01595,Q99928
DB01215,Q99928
DB00897,Q99928
DB00313,Q99259
DB00313,Q05329
DB00642,P22102
DB01125,P38435
DB08869,Q02643
DB13074,Q92847
DB01113,Q9NP56
DB00824,Q9NP56
DB01223,Q9NP56
DB00277,Q9NP56
DB00651,Q9NP56
DB01303,Q9NP56
DB09265,P43220
DB00284,P04746
DB00014,P30968
DB06788,P30968
DB06699,P30968
DB00050,P30968
DB06825,P30968
DB00007,P30968
DB00363,A5X5Y0
DB00377,A5X5Y0
DB09068,A5X5Y0
DB00370,A5X5Y0
DB00969,A5X5Y0
DB00904,A5X5Y0
DB08883,P42261
DB00740,P42261
DB00273,P42261
DB00740,P42262
DB08883,P42262
DB00273,P42262
DB00273,P42263
DB00740,P42263
DB08883,P42263
DB08883,P48058
DB00273,P48058
DB00740,P48058
DB00740,P39086
DB00273,P39086
DB00740,Q13002
DB00273,Q13002
DB00740,Q13003
DB00273,Q13003
DB00740,Q16099
DB00273,Q16099
DB00273,Q16478
DB00740,Q16478
DB01173,Q05586
DB00740,Q05586
DB01043,Q05586
DB01221,Q05586
DB00333,Q05586
DB00514,Q05586
DB00949,Q05586
DB00659,Q05586
DB11823,Q05586
DB11823,Q12879
DB01221,Q12879
DB00514,Q12879
DB00659,Q12879
DB01043,Q12879
DB00333,Q12879
DB01173,Q12879
DB00949,Q12879
DB00740,Q12879
DB00659,Q13224
DB00740,Q13224
DB01221,Q13224
DB01043,Q13224
DB00514,Q13224
DB01173,Q13224
DB11823,Q13224
DB00949,Q13224
DB00333,Q13224
DB01043,Q14957
DB01221,Q14957
DB00659,Q14957
DB11823,Q14957
DB00949,Q14957
DB01173,Q14957
DB00333,Q14957
DB00740,Q14957
DB00514,Q14957
DB11823,O15399
DB01221,O15399
DB00949,O15399
DB00659,O15399
DB01173,O15399
DB01043,O15399
DB00740,O15399
DB00333,O15399
DB00514,O15399
DB06786,P04150
DB14541,P04150
DB14543,P04150
DB00741,P04150
DB14649,P04150
DB01234,P04150
DB11921,P04150
DB00834,P04150
DB00896,P04150
DB08906,P04150
DB00620,P04150
DB00591,P04150
DB13867,P04150
DB00253,P04150
DB00959,P04150
DB14512,P04150
DB00394,P04150
DB00838,P04150
DB00588,P04150
DB01410,P04150
DB00860,P04150
DB00288,P04150
DB01047,P04150
DB00846,P04150
DB00443,P04150
DB01222,P04150
DB01013,P04150
DB00635,P04150
DB00223,P04150
DB14540,P04150
DB13158,P04150
DB01380,P04150
DB14596,P04150
DB14539,P04150
DB06781,P04150
DB00663,P04150
DB01260,P04150
DB00324,P04150
DB00240,P04150
DB08890,P25092
DB09034,O43613
DB09034,O43614
DB06176,Q13547
DB02546,Q13547
DB06603,Q13547
DB06603,Q92769
DB06176,Q92769
DB02546,Q92769
DB00641,P04035
DB01095,P04035
DB00227,P04035
DB01076,P04035
DB00175,P04035
DB01098,P04035
DB08860,P04035
DB01033,P00492
DB06691,P35367
DB01075,P35367
DB01173,P35367
DB00557,P35367
DB00751,P35367
DB00637,P35367
DB00950,P35367
DB01106,P35367
DB09488,P35367
DB00334,P35367
DB00920,P35367
DB08801,P35367
DB01142,P35367
DB00985,P35367
DB00737,P35367
DB05381,P35367
DB00835,P35367
DB00455,P35367
DB01619,P35367
DB00354,P35367
DB00477,P35367
DB00283,P35367
DB06698,P35367
DB08799,P35367
DB01069,P35367
DB01146,P35367
DB00902,P35367
DB00972,P35367
DB00427,P35367
DB01114,P35367
DB04890,P35367
DB01246,P35367
DB00342,P35367
DB00967,P35367
DB06766,P35367
DB00568,P35367
DB01084,P35367
DB01176,P35367
DB06282,P35367
DB00366,P35367
DB00501,P25021
DB05381,P25021
DB00863,P25021
DB00585,P25021
DB00927,P25021
DB01108,P14060
DB01108,P26439
DB09128,P08908
DB09225,P08908
DB06016,P08908
DB04908,P08908
DB01621,P08908
DB00247,P08908
DB06216,P08908
DB01238,P08908
DB14185,P08908
DB00696,P08908
DB06684,P08908
DB09068,P08908
DB00490,P08908
DB00320,P28222
DB00953,P28222
DB00998,P28222
DB00696,P28222
DB00669,P28222
DB00216,P28222
DB09225,P28222
DB00315,P28222
DB00952,P28222
DB00669,P28221
DB00315,P28221
DB00320,P28221
DB00952,P28221
DB00998,P28221
DB09225,P28221
DB00216,P28221
DB00574,P28221
DB00696,P28221
DB00953,P28221
DB01267,P28223
DB09128,P28223
DB08815,P28223
DB00247,P28223
DB00604,P28223
DB00363,P28223
DB00334,P28223
DB00656,P28223
DB06216,P28223
DB00246,P28223
DB01608,P28223
DB00370,P28223
DB01224,P28223
DB00933,P28223
DB00477,P28223
DB06016,P28223
DB01238,P28223
DB01621,P28223
DB04946,P28223
DB00734,P28223
DB01149,P28223
DB00574,P28223
DB04908,P28223
DB06144,P28223
DB14185,P28223
DB00408,P28223
DB00656,P41595
DB00370,P41595
DB00334,P41595
DB04908,P41595
DB04946,P41595
DB00247,P41595
DB00477,P41595
DB01608,P41595
DB00363,P28335
DB06216,P28335
DB04908,P28335
DB00370,P28335
DB01149,P28335
DB00574,P28335
DB01608,P28335
DB00477,P28335
DB06594,P28335
DB00334,P28335
DB00247,P28335
DB04871,P28335
DB04946,P28335
DB00656,P28335
DB09068,P46098
DB00604,P46098
DB00377,P46098
DB00969,P46098
DB00904,P46098
DB00363,P46098
DB00370,P46098
DB01079,Q13639
DB00604,Q13639
DB06216,P50406
DB00334,P50406
DB00247,P34969
DB06216,P34969
DB08910,P05231
DB00688,P20839
DB00688,P12268
DB06412,P10275
DB00624,P10275
DB01128,P10275
DB00984,P10275
DB08804,P10275
DB01420,P10275
DB01185,P10275
DB13943,P10275
DB00621,P10275
DB00499,P10275
DB01406,P10275
DB06718,P10275
DB04839,P10275
DB06710,P10275
DB00665,P10275
DB08899,P10275
DB01708,P10275
DB11611,P20701
DB08877,P23458
DB08895,P23458
DB11817,P23458
DB08877,O60674
DB11817,O60674
DB08895,O60674
DB08895,P52333
DB06637,Q09470
DB06637,P16389
DB06637,P22001
DB06637,P22459
DB06217,P22460
DB06637,P22460
DB01244,P22460
DB06637,P17658
DB06637,Q96RP8
DB06637,Q16322
DB06637,Q14721
DB06637,P48547
DB06637,Q96PR1
DB06637,Q14003
DB06637,Q03721
DB06637,Q9NSA2
DB06637,Q9NZV8
DB01244,Q9UK17
DB06217,Q9UK17
DB06637,Q9UK17
DB04855,Q9UK17
DB01118,Q9UK17
DB00907,Q12809
DB00204,Q12809
DB04855,Q12809
DB01118,Q12809
DB01244,Q12809
DB00342,Q12809
DB00308,Q12809
DB00217,P48048
DB01244,P48549
DB04855,P48549
DB01118,P48549
DB04855,P48544
DB01244,P48544
DB01118,P48544
DB01244,Q15842
DB01118,Q15842
DB00350,Q14654
DB01016,Q14654
DB01244,Q14654
DB09220,Q14654
DB00672,Q14654
DB01124,Q14654
DB00731,Q14654
DB01119,Q14654
DB00912,Q14654
DB01118,Q14654
DB00839,Q14654
DB01118,Q14500
DB01244,Q14500
DB01118,P51787
DB04855,P51787
DB01244,P51787
DB04953,P51787
DB04953,O43526
DB04953,O43525
DB06595,P35968
DB09078,P35968
DB00398,P35968
DB06626,P35968
DB06589,P35968
DB01268,P35968
DB08896,P35968
DB05294,P35968
DB08875,P35968
DB09079,P35968
DB00398,P10721
DB08896,P10721
DB04868,P10721
DB01254,P10721
DB06589,P10721
DB00619,P10721
DB01268,P10721
DB06595,P10721
DB01254,P06239
DB01247,P21397
DB00191,P21397
DB01171,P21397
DB00780,P21397
DB00752,P21397
DB00805,P21397
DB01626,P21397
DB00191,P27338
DB01247,P27338
DB01367,P27338
DB01037,P27338
DB01626,P27338
DB00752,P27338
DB00780,P27338
DB01284,Q01718
DB04865,Q07820
DB08875,P08581
DB00981,P22303
DB01400,P22303
DB00674,P22303
DB00677,P22303
DB00989,P22303
DB00382,P22303
DB00545,P22303
DB00843,P22303
DB00944,P22303
DB01057,P22303
DB00687,P08235
DB00384,P08235
DB01395,P08235
DB00700,P08235
DB00421,P08235
DB06780,P08235
DB09292,P08473
DB09071,P48039
DB01065,P48039
DB06594,P48039
DB01065,P49286
DB06594,P49286
DB09071,P49286
DB08827,P55157
DB04865,P01106
DB01078,P05023
DB01158,P05023
DB00390,P05023
DB01244,P05023
DB00511,P05023
DB01396,P05023
DB01092,P05023
DB00390,P50993
DB01244,P50993
DB01078,P50993
DB01158,P50993
DB01092,P50993
DB00511,P50993
DB01396,P50993
DB01396,P13637
DB01158,P13637
DB01244,P13637
DB00390,P13637
DB01092,P13637
DB00511,P13637
DB01078,P13637
DB00448,P20648
DB01129,P20648
DB00338,P20648
DB00213,P20648
DB00736,P20648
DB00736,P51164
DB00213,P51164
DB00448,P51164
DB00338,P51164
DB01129,P51164
DB00704,P41143
DB00497,P41143
DB00844,P41143
DB01183,P41143
DB09272,P41143
DB06230,P41143
DB00836,P41143
DB00836,P41145
DB00704,P41145
DB00652,P41145
DB00611,P41145
DB09272,P41145
DB01209,P41145
DB00497,P41145
DB00844,P41145
DB06230,P41145
DB00921,P41145
DB01183,P41145
DB00497,P35372
DB00921,P35372
DB00802,P35372
DB01209,P35372
DB00454,P35372
DB00611,P35372
DB00836,P35372
DB00704,P35372
DB00854,P35372
DB01192,P35372
DB00708,P35372
DB09049,P35372
DB00318,P35372
DB00652,P35372
DB06800,P35372
DB00813,P35372
DB01183,P35372
DB00956,P35372
DB00193,P35372
DB00333,P35372
DB09209,P35372
DB00647,P35372
DB06204,P35372
DB00913,P35372
DB00899,P35372
DB00295,P35372
DB01227,P35372
DB00844,P35372
DB09272,P35372
DB06230,P35372
DB01452,P35372
DB06274,P35372
DB09059,P30559
DB01282,P30559
DB01223,Q9HCR9
DB01113,Q9HCR9
DB01303,Q9HCR9
DB00824,Q9HCR9
DB00277,Q9HCR9
DB00651,Q9HCR9
DB00724,Q9NYK1
DB00277,P54750
DB00824,P54750
DB01303,P54750
DB00651,P54750
DB01223,P54750
DB01113,P54750
DB01113,Q14123
DB00824,Q14123
DB01223,Q14123
DB01303,Q14123
DB00651,Q14123
DB00277,Q14123
DB00201,O00408
DB01223,O00408
DB00651,O00408
DB00824,O00408
DB01303,O00408
DB00277,O00408
DB01113,O00408
DB01166,Q14432
DB01223,Q14432
DB04880,Q14432
DB00261,Q14432
DB01427,Q14432
DB00651,Q14432
DB00824,Q14432
DB00922,Q14432
DB00201,Q14432
DB00235,Q14432
DB01113,Q14432
DB00277,Q14432
DB01303,Q14432
DB00922,Q13370
DB01223,Q13370
DB00261,Q13370
DB00651,Q13370
DB01113,Q13370
DB04880,Q13370
DB00235,Q13370
DB00824,Q13370
DB00201,Q13370
DB01427,Q13370
DB01303,Q13370
DB00277,Q13370
DB01166,Q13370
DB00975,P27815
DB01113,P27815
DB00277,P27815
DB01303,P27815
DB00824,P27815
DB01223,P27815
DB01656,P27815
DB00651,P27815
DB00201,P27815
DB00201,Q07343
DB01303,Q07343
DB01223,Q07343
DB01656,Q07343
DB01113,Q07343
DB00277,Q07343
DB00651,Q07343
DB00824,Q07343
DB00651,Q08493
DB00277,Q08493
DB01113,Q08493
DB01223,Q08493
DB01303,Q08493
DB01656,Q08493
DB00824,Q08493
DB00201,Q08493
DB00277,Q08499
DB00824,Q08499
DB00651,Q08499
DB01113,Q08499
DB01656,Q08499
DB01303,Q08499
DB01223,Q08499
DB00201,Q08499
DB01113,Q13946
DB00651,Q13946
DB01303,Q13946
DB00277,Q13946
DB00824,Q13946
DB01223,Q13946
DB01223,O60658
DB01113,O60658
DB00277,O60658
DB00651,O60658
DB00824,O60658
DB01303,O60658
DB01303,Q01064
DB01113,Q01064
DB00824,Q01064
DB01223,Q01064
DB00277,Q01064
DB00201,Q01064
DB00651,Q01064
DB00619,P16234
DB06595,P16234
DB04868,P16234
DB06589,P16234
DB09079,P16234
DB01268,P16234
DB06603,Q8WUI4
DB02546,Q8WUI4
DB06176,Q8WUI4
DB06595,P09619
DB01254,P09619
DB00398,P09619
DB04868,P09619
DB01268,P09619
DB06589,P09619
DB08896,P09619
DB09079,P09619
DB01395,P06401
DB00603,P06401
DB00834,P06401
DB00378,P06401
DB06713,P06401
DB06789,P06401
DB00823,P06401
DB00351,P06401
DB09389,P06401
DB00304,P06401
DB08867,P06401
DB00396,P06401
DB00717,P06401
DB00367,P06401
DB01406,P06401
DB09371,P06401
DB00957,P06401
DB09054,O00329
DB11952,O00329
DB11952,P48736
DB00302,P00747
DB00513,P00747
DB01169,P29590
DB00755,P29590
DB00636,Q07869
DB01393,Q07869
DB01241,Q07869
DB09064,Q07869
DB01039,Q07869
DB00197,P37231
DB00412,P37231
DB01132,P37231
DB00067,P37288
DB00872,P37288
DB00067,P47901
DB00091,Q96LZ3
DB00864,Q96LZ3
DB00872,P30518
DB00035,P30518
DB00067,P30518
DB06212,P30518
DB00728,Q9UGM1
DB00184,Q9UGM1
DB00732,Q9UGM1
DB01135,Q9UGM1
DB00914,Q13131
DB00331,Q13131
DB00914,P54646
DB00331,P54646
DB06595,P17252
DB06595,P05771
DB08875,P30530
DB06595,P05129
DB11560,Q9NSA0
DB02546,Q9BY41
DB06176,Q9BY41
DB06603,Q9BY41
DB01174,Q9UN88
DB00683,Q9UN88
DB01595,Q9UN88
DB00349,Q9UN88
DB01559,Q9UN88
DB00231,Q9UN88
DB01198,Q9UN88
DB00273,Q9UN88
DB00306,Q9UN88
DB00475,Q9UN88
DB00371,Q9UN88
DB00849,Q9UN88
DB01215,Q9UN88
DB00842,Q9UN88
DB01205,Q9UN88
DB01351,Q9UN88
DB00801,Q9UN88
DB00312,Q9UN88
DB00418,Q9UN88
DB00818,Q9UN88
DB02530,Q9UN88
DB01154,Q9UN88
DB00404,Q9UN88
DB01353,Q9UN88
DB01558,Q9UN88
DB00628,Q9UN88
DB00829,Q9UN88
DB01544,Q9UN88
DB01068,Q9UN88
DB06716,Q9UN88
DB01437,Q9UN88
DB00237,Q9UN88
DB00186,Q9UN88
DB01588,Q9UN88
DB00690,Q9UN88
DB00897,Q9UN88
DB01589,Q9UN88
DB05239,Q02750
DB08911,Q02750
DB11689,Q02750
DB05239,P36507
DB11689,P36507
DB08911,P36507
DB04953,Q9NR82
DB00188,P28074
DB08889,P28074
DB08964,P34995
DB00770,P34995
DB00917,P43116
DB00929,P43116
DB00929,P43115
DB00929,P35408
DB00654,P43088
DB00429,P43088
DB00287,P43088
DB00905,P43088
DB08819,P43088
DB01160,P43088
DB11362,P43119
DB01240,P43119
DB00605,P23219
DB09212,P23219
DB01009,P23219
DB01399,P23219
DB00586,P23219
DB00712,P23219
DB00461,P23219
DB00328,P23219
DB13783,P23219
DB14006,P23219
DB09216,P23219
DB02266,P23219
DB13346,P23219
DB00812,P23219
DB06725,P23219
DB00945,P23219
DB00573,P23219
DB01050,P23219
DB00316,P23219
DB09213,P23219
DB06802,P23219
DB00469,P23219
DB00788,P23219
DB09214,P23219
DB00554,P23219
DB00991,P23219
DB00939,P23219
DB06736,P23219
DB00963,P23219
DB00784,P23219
DB00784,P35354
DB00461,P35354
DB13167,P35354
DB00316,P35354
DB02266,P35354
DB00605,P35354
DB00963,P35354
DB13346,P35354
DB00788,P35354
DB00328,P35354
DB00573,P35354
DB00712,P35354
DB00945,P35354
DB01628,P35354
DB09212,P35354
DB00812,P35354
DB09213,P35354
DB00749,P35354
DB00939,P35354
DB14006,P35354
DB01399,P35354
DB13783,P35354
DB00814,P35354
DB01050,P35354
DB01283,P35354
DB04743,P35354
DB00991,P35354
DB06725,P35354
DB09216,P35354
DB00533,P35354
DB00469,P35354
DB08439,P35354
DB00554,P35354
DB09214,P35354
DB06802,P35354
DB06736,P35354
DB01009,P35354
DB00586,P35354
DB00861,P35354
DB00482,P35354
DB00398,P04049
DB08896,P04049
DB00941,P06276
DB00989,P06276
DB00677,P06276
DB01057,P06276
DB01169,P10276
DB00755,P10276
DB00459,P10276
DB00982,P10276
DB00523,P10276
DB00799,P10276
DB00755,P10826
DB00982,P10826
DB00459,P10826
DB00523,P10826
DB00799,P10826
DB00210,P10826
DB00755,P13631
DB00799,P13631
DB00982,P13631
DB00459,P13631
DB00523,P13631
DB00210,P13631
DB05381,Q9H3N8
DB04865,P24385
DB11581,P10415
DB09026,P00797
DB01268,P07949
DB05294,P07949
DB09078,P07949
DB00398,P07949
DB08896,P07949
DB08865,P08922
DB09083,Q9UL51
DB06196,P30411
DB01073,P23921
DB00441,P23921
DB00242,P23921
DB01005,P31350
DB00307,P19793
DB00523,P19793
DB00459,P19793
DB00459,P28702
DB00210,P28702
DB00799,P28702
DB00523,P28702
DB00307,P28702
DB00523,P48443
DB00459,P48443
DB00307,P48443
DB00210,P48443
DB00281,P35498
DB01320,P35498
DB00564,P35498
DB00252,P35498
DB00721,P35498
DB00909,P35498
DB06201,P35498
DB00555,P35498
DB01056,P35498
DB00273,P35498
DB00908,P35498
DB00532,P35498
DB09119,P35498
DB00776,P35498
DB01426,P35498
DB01195,P35498
DB00907,P35498
DB00807,P35498
DB00892,P35498
DB00750,P35498
DB09085,P35498
DB01182,P35498
DB01086,P35498
DB01118,P35498
DB01002,P35498
DB00280,P35498
DB00527,P35498
DB00961,P35498
DB01228,P35498
DB01161,P35498
DB00907,Q99250
DB00281,Q99250
DB00776,Q99250
DB00252,Q99250
DB01002,Q99250
DB06201,Q99250
DB00908,Q99250
DB01426,Q99250
DB01056,Q99250
DB09085,Q99250
DB00527,Q99250
DB01118,Q99250
DB09119,Q99250
DB00721,Q99250
DB01161,Q99250
DB00532,Q99250
DB00909,Q99250
DB00750,Q99250
DB01228,Q99250
DB01086,Q99250
DB00555,Q99250
DB01320,Q99250
DB00280,Q99250
DB00564,Q99250
DB01195,Q99250
DB00807,Q99250
DB01182,Q99250
DB00273,Q99250
DB00892,Q99250
DB00961,Q99250
DB00564,Q9NY46
DB01320,Q9NY46
DB00776,Q9NY46
DB00807,Q9NY46
DB00555,Q9NY46
DB01161,Q9NY46
DB00909,Q9NY46
DB01002,Q9NY46
DB01118,Q9NY46
DB01195,Q9NY46
DB00908,Q9NY46
DB01182,Q9NY46
DB00273,Q9NY46
DB00252,Q9NY46
DB00907,Q9NY46
DB00721,Q9NY46
DB01228,Q9NY46
DB01056,Q9NY46
DB06218,Q9NY46
DB00750,Q9NY46
DB01086,Q9NY46
DB00280,Q9NY46
DB09085,Q9NY46
DB00527,Q9NY46
DB00961,Q9NY46
DB00281,Q9NY46
DB01426,Q9NY46
DB00892,Q9NY46
DB09119,Q9NY46
DB00532,Q9NY46
DB06201,Q9NY46
DB01426,P35499
DB00721,P35499
DB00750,P35499
DB00907,P35499
DB00961,P35499
DB01195,P35499
DB06201,P35499
DB09085,P35499
DB09119,P35499
DB01161,P35499
DB01002,P35499
DB00252,P35499
DB01182,P35499
DB01118,P35499
DB00273,P35499
DB00281,P35499
DB01320,P35499
DB00807,P35499
DB00908,P35499
DB00564,P35499
DB00909,P35499
DB00555,P35499
DB00892,P35499
DB00532,P35499
DB00776,P35499
DB01056,P35499
DB01228,P35499
DB01086,P35499
DB00280,P35499
DB00527,P35499
DB00281,Q14524
DB00252,Q14524
DB00776,Q14524
DB00721,Q14524
DB06201,Q14524
DB09119,Q14524
DB01086,Q14524
DB00807,Q14524
DB01056,Q14524
DB00564,Q14524
DB00961,Q14524
DB00908,Q14524
DB00680,Q14524
DB00909,Q14524
DB06217,Q14524
DB01320,Q14524
DB00907,Q14524
DB09085,Q14524
DB00532,Q14524
DB01182,Q14524
DB00750,Q14524
DB00555,Q14524
DB01002,Q14524
DB00280,Q14524
DB01118,Q14524
DB00892,Q14524
DB01195,Q14524
DB00527,Q14524
DB01161,Q14524
DB01426,Q14524
DB01228,Q14524
DB00273,Q14524
DB00807,Q9UQD0
DB00961,Q9UQD0
DB01228,Q9UQD0
DB00892,Q9UQD0
DB01118,Q9UQD0
DB01086,Q9UQD0
DB01002,Q9UQD0
DB00776,Q9UQD0
DB01426,Q9UQD0
DB01056,Q9UQD0
DB01320,Q9UQD0
DB00252,Q9UQD0
DB00532,Q9UQD0
DB01195,Q9UQD0
DB00750,Q9UQD0
DB00564,Q9UQD0
DB00527,Q9UQD0
DB01182,Q9UQD0
DB09119,Q9UQD0
DB06201,Q9UQD0
DB00909,Q9UQD0
DB00273,Q9UQD0
DB00281,Q9UQD0
DB09085,Q9UQD0
DB00555,Q9UQD0
DB01161,Q9UQD0
DB00280,Q9UQD0
DB00907,Q9UQD0
DB00908,Q9UQD0
DB00721,Q9UQD0
DB01320,Q15858
DB09119,Q15858
DB00961,Q15858
DB00281,Q15858
DB00776,Q15858
DB00252,Q15858
DB00750,Q15858
DB00273,Q15858
DB00908,Q15858
DB01161,Q15858
DB01056,Q15858
DB01195,Q15858
DB00909,Q15858
DB00564,Q15858
DB00555,Q15858
DB09085,Q15858
DB01086,Q15858
DB06218,Q15858
DB00907,Q15858
DB01002,Q15858
DB00892,Q15858
DB01228,Q15858
DB00532,Q15858
DB01182,Q15858
DB00527,Q15858
DB00280,Q15858
DB00807,Q15858
DB01426,Q15858
DB06201,Q15858
DB01118,Q15858
DB00721,Q15858
DB00908,Q9Y5Y9
DB01182,Q9Y5Y9
DB01056,Q9Y5Y9
DB00281,Q9Y5Y9
DB00907,Q9Y5Y9
DB00273,Q9Y5Y9
DB00961,Q9Y5Y9
DB01086,Q9Y5Y9
DB01195,Q9Y5Y9
DB01002,Q9Y5Y9
DB00532,Q9Y5Y9
DB01320,Q9Y5Y9
DB00909,Q9Y5Y9
DB00252,Q9Y5Y9
DB00564,Q9Y5Y9
DB00527,Q9Y5Y9
DB09085,Q9Y5Y9
DB01426,Q9Y5Y9
DB00750,Q9Y5Y9
DB00892,Q9Y5Y9
DB00555,Q9Y5Y9
DB09119,Q9Y5Y9
DB00807,Q9Y5Y9
DB00776,Q9Y5Y9
DB00280,Q9Y5Y9
DB01228,Q9Y5Y9
DB00721,Q9Y5Y9
DB06201,Q9Y5Y9
DB01118,Q9Y5Y9
DB06218,Q9Y5Y9
DB01161,Q9Y5Y9
DB00594,P37088
DB00384,P37088
DB00384,P51168
DB00594,P51168
DB00594,P51170
DB00384,P51170
DB00208,Q9H244
DB06209,Q9H244
DB00758,Q9H244
DB08816,Q9H244
DB06441,Q9H244
DB06292,P31639
DB09038,P31639
DB08907,P31639
DB00996,P30531
DB08872,P30531
DB00458,P23975
DB00726,P23975
DB01242,P23975
DB04896,P23975
DB00182,P23975
DB00191,P23975
DB01142,P23975
DB09185,P23975
DB08918,P23975
DB01151,P23975
DB00579,P23975
DB01105,P23975
DB00937,P23975
DB01170,P23975
DB00321,P23975
DB09167,P23975
DB00289,P23975
DB00285,P23975
DB01576,P23975
DB00907,P23975
DB00543,P23975
DB01156,P23975
DB06204,P23975
DB00344,P23975
DB00422,P23975
DB01579,P23975
DB06700,P23975
DB00540,P23975
DB00934,P23975
DB00191,Q01959
DB00907,Q01959
DB00182,Q01959
DB01576,Q01959
DB01105,Q01959
DB00422,Q01959
DB00579,Q01959
DB01156,Q01959
DB06413,Q01959
DB00937,Q01959
DB04896,P31645
DB01242,P31645
DB00344,P31645
DB01105,P31645
DB00656,P31645
DB00215,P31645
DB00907,P31645
DB00726,P31645
DB01142,P31645
DB06684,P31645
DB00321,P31645
DB00458,P31645
DB01191,P31645
DB00540,P31645
DB00574,P31645
DB00191,P31645
DB08918,P31645
DB00579,P31645
DB00543,P31645
DB01104,P31645
DB00285,P31645
DB09167,P31645
DB00715,P31645
DB00472,P31645
DB01151,P31645
DB09068,P31645
DB06700,P31645
DB00695,Q13621
DB00310,Q13621
DB01325,Q13621
DB00903,Q13621
DB00214,Q13621
DB02925,Q13621
DB00887,Q13621
DB00774,Q13621
DB01021,Q13621
DB00214,P55011
DB00887,P55011
DB00903,P55011
DB00695,P55011
DB02925,P55011
DB00562,P55017
DB01324,P55017
DB00524,P55017
DB00808,P55017
DB00310,P55017
DB01021,P55017
DB00999,P55017
DB01325,P55017
DB00774,P55017
DB00880,P55017
DB00436,P55017
DB00206,P54219
DB01576,Q05940
DB00182,Q05940
DB00206,Q05940
DB04844,Q05940
DB09143,Q99835
DB08828,Q99835
DB01254,P12931
DB06616,P12931
DB01126,P18405
DB01196,P31213
DB01216,P31213
DB01126,P31213
DB08896,P15056
DB00398,P15056
DB08881,P15056
DB08912,P15056
DB06663,P30872
DB09099,P30872
DB06663,P30874
DB09099,P30874
DB06791,P30874
DB06663,P32745
DB09099,P32745
DB09099,P31391
DB06791,P35346
DB09099,P35346
DB06663,P35346
DB09220,Q09428
DB00912,Q09428
DB01124,Q09428
DB00222,Q09428
DB01016,Q09428
DB00839,Q09428
DB00672,Q09428
DB00350,Q09428
DB00414,Q09428
DB01067,Q09428
DB01119,Q09428
DB01120,Q09428
DB00731,Q09428
DB01251,Q09428
DB09291,P25103
DB00673,P25103
DB09053,Q06187
DB08896,Q02763
DB00765,P07101
DB00451,P10827
DB00451,P10828
DB00480,P01375
DB01041,P01375
DB08910,P01375
DB01030,P11387
DB00762,P11387
DB00276,P11388
DB00773,P11388
DB00997,P11388
DB01204,P11388
DB00444,P11388
DB00380,P11388
DB00694,P11388
DB00694,Q02880
DB00276,Q02880
DB01204,Q02880
DB00444,Q02880
DB00380,Q02880
DB00997,Q02880
DB00773,Q02880
DB00550,P07202
DB00763,P07202
DB00389,P07202
DB09421,P34981
DB11644,P02766
DB08895,P29597
DB01101,P04818
DB00322,P04818
DB00642,P04818
DB09256,P04818
DB00544,P04818
DB00293,P04818
DB09526,P14679
DB09039,Q16739
DB00419,Q16739
DB02300,P11473
DB01436,P11473
DB00136,P11473
DB00153,P11473
DB00169,P11473
DB06410,P11473
DB01070,P11473
DB00910,P11473
DB06774,Q8NER1
DB00437,P47989
DB04854,P47989
DB01254,P07947
DB01144,P00915
DB00703,P00915
DB00869,P00915
DB00819,P00915
DB01194,P00918
DB00869,P00918
DB00703,P00918
DB01144,P00918
DB00819,P00918
DB00273,P00918
DB00703,P07451
DB01144,P07451
DB00819,P07451
DB00869,P07451
DB01144,P22748
DB00703,P22748
DB00869,P22748
DB00273,P22748
DB00819,P22748
DB01144,P35218
DB00869,P35218
DB00703,P35218
DB00819,P35218
DB01144,Q16790
DB00819,Q16790
DB00703,Q16790
DB00869,Q16790
DB01144,O43570
DB00869,O43570
DB00703,O43570
DB00819,O43570
DB00273,Q13936
DB00381,Q13936
DB04920,Q13936
DB00661,Q13936
DB06712,Q13936
DB00343,Q13936
DB04855,Q13936
DB01115,Q13936
DB00393,Q13936
DB12278,Q13936
DB00401,Q13936
DB01054,Q13936
DB01023,Q13936
DB00617,Q13936
DB00270,Q13936
DB09236,Q13936
DB01244,Q13936
DB00270,Q01668
DB01054,Q01668
DB12278,Q01668
DB00343,Q01668
DB04855,Q01668
DB00393,Q01668
DB00381,Q01668
DB01244,Q01668
DB00401,Q01668
DB00661,Q01668
DB04920,Q01668
DB00617,Q01668
DB01023,Q01668
DB06712,Q01668
DB00273,Q01668
DB01115,Q01668
DB09236,Q01668
DB00273,O60840
DB00381,O60840
DB01054,O60840
DB00401,O60840
DB00343,O60840
DB01115,O60840
DB04920,O60840
DB00617,O60840
DB00393,O60840
DB12278,O60840
DB06712,O60840
DB01244,O60840
DB09236,O60840
DB00661,O60840
DB01023,O60840
DB04855,O60840
DB00270,O60840
DB00273,Q13698
DB04920,Q13698
DB00401,Q13698
DB00343,Q13698
DB01244,Q13698
DB01054,Q13698
DB00381,Q13698
DB01023,Q13698
DB00270,Q13698
DB00617,Q13698
DB00393,Q13698
DB09236,Q13698
DB01115,Q13698
DB06712,Q13698
DB00661,Q13698
DB04855,Q13698
DB12278,Q13698
DB00230,P54289
DB08872,P54289
DB00996,P54289
DB06809,P61073
DB00946,Q9BQB6
DB01418,Q9BQB6
DB00498,Q9BQB6
DB00266,Q9BQB6
DB00825,Q7Z2W7
DB00313,P51649
DB06176,Q96DB2
DB06603,Q96DB2
DB02546,Q96DB2
DB01248,Q9H4B7
DB01394,Q9H4B7
DB00541,Q9H4B7
DB06772,Q9H4B7
DB08871,Q9H4B7
DB00309,Q9H4B7
DB01229,Q9H4B7
DB01196,Q9H4B7
DB00361,Q9H4B7
DB04845,Q9H4B7
DB02546,Q969S8
DB06603,Q969S8
DB06176,Q969S8
DB01012,P41180
DB00277,O95263
DB00824,O95263
DB00651,O95263
DB01113,O95263
DB01223,O95263
DB01303,O95263
DB01275,Q16853
DB00820,O76074
DB00975,O76074
DB06267,O76074
DB00201,O76074
DB06237,O76074
DB00862,O76074
DB00203,O76074
DB02546,O15379
DB06176,O15379
DB06603,O15379
DB00403,P32238
DB00183,P32239
DB00593,Q9P0X4
DB00909,Q9P0X4
DB05246,Q9P0X4
DB01244,Q9P0X4
DB04841,Q9P0X4
DB00313,Q9P0X4
DB00909,O95180
DB01244,O95180
DB04841,O95180
DB00593,O95180
DB00313,O95180
DB05246,O95180
DB00909,O43497
DB00593,O43497
DB00313,O43497
DB01244,O43497
DB04841,O43497
DB05246,O43497
DB00284,O43451
DB00491,O43451
DB00728,Q15825
DB01135,Q15825
DB00184,Q15825
DB00732,Q15825
DB00825,O75762
DB04953,P56696
DB00969,O95264
DB09068,O95264
DB00370,O95264
DB00363,O95264
DB00889,O95264
DB00904,O95264
DB00377,O95264
DB06637,Q92953
DB08872,Q7Z3S7
DB00230,Q7Z3S7
DB00996,Q7Z3S7
DB00181,O75899
DB02530,O75899
DB06176,Q9UKV0
DB06603,Q9UKV0
DB02546,Q9UKV0
DB06176,P56524
DB02546,P56524
DB06603,P56524
DB08908,Q14145
DB01586,Q96RI1
DB05990,Q96RI1
DB06777,Q96RI1
DB02659,Q96RI1
