0,1
DB00252,Q99928
DB00276,P11388
DB01593,P05067
DB12141,Q8WXA8
DB01365,P07550
DB00811,P20839
DB01242,P28223
DB00642,P04818
DB11278,P25100
DB03147,Q15067
DB12010,Q9UIK4
DB01069,Q96KK3
DB00278,P00734
DB12010,Q9NQU5
DB14487,P02795
DB00353,P41595
DB01593,P04264
DB00540,P14416
DB01110,Q9UIX4
DB00153,O95180
DB09481,Q12879
DB00173,Q13126
DB00350,P48048
DB01588,P78334
DB00543,P34903
DB14487,P35908
DB08932,P25101
DB00697,P25100
DB00173,Q9BY49
DB01392,Q99712
DB00228,Q9Y6H6
DB00306,P47870
DB01238,Q01959
DB01593,Q9BY41
DB01021,P22748
DB00185,P11229
DB00201,Q14643
DB00774,Q13621
DB00898,P36544
DB00234,P23975
DB01069,Q9NR82
DB11619,P03372
DB00945,P31152
DB01062,P11229
DB00228,Q14957
DB01577,P08913
DB00917,P43115
DB06725,P23219
DB00621,P10275
DB00368,P07550
DB14487,P00734
DB00564,Q99250
DB00429,P34995
DB00331,P21695
DB00865,P35348
DB01028,Q09470
DB00599,P36544
DB01033,P12268
DB14487,P02747
DB00536,P07998
DB15035,P42680
DB12147,P10721
DB06707,P18825
DB00849,P43681
DB00540,P08913
DB09462,Q03181
DB14487,P04637
DB01396,P05023
DB00493,Q9NSA0
DB13953,Q92731
DB00502,P28335
DB01558,P18505
DB01589,P48169
DB00471,Q9Y271
DB01588,Q99928
DB01026,Q12809
DB03088,P04746
DB01115,O43497
DB00726,P08172
DB01159,Q12879
DB00273,P22748
DB00114,P54687
DB09280,P13569
DB00370,P28335
DB00894,P11511
DB11085,P07202
DB13995,P69905
DB12161,Q05940
DB00422,P23975
DB01238,Q12879
DB01238,P41145
DB01403,P25100
DB00142,Q9UI32
DB00898,P46098
DB01593,P08603
DB00925,P35348
DB01107,P31644
DB06148,P35348
DB00981,P17787
DB05271,P21918
DB00471,P09917
DB00753,P14867
DB05239,Q02750
DB03619,P09211
DB00734,P35368
DB13952,Q14457
DB14487,P13647
DB00230,P54289
DB00246,P35348
DB00308,Q9Y257
DB00140,P30043
DB12010,Q9UM73
DB06412,P10275
DB00514,P43681
DB01097,Q02127
DB01151,P08173
DB09080,P07550
DB00899,P35372
DB00922,Q15842
DB06595,P10721
DB01069,Q9UBL9
DB00145,P21549
DB12010,O14920
DB00907,Q9UI33
DB00285,P23975
DB01215,P14867
DB00544,P04818
DB00829,P14867
DB00118,P31153
DB01065,P05164
DB01365,P18089
DB00420,P28223
DB14533,P56524
DB00126,O00469
DB01189,Q99928
DB01399,P35354
DB03310,P28161
DB14487,P46736
DB09092,P04406
DB01233,Q13639
DB00327,P35372
DB00395,P14867
DB09130,P05067
DB05260,P02818
DB00121,P50747
DB09078,P10721
DB09167,P35368
DB03147,P00387
DB00237,Q16478
DB01065,P49286
DB14487,P13645
DB00349,P18507
DB00843,P28223
DB09167,P35367
DB01544,P47870
DB00363,P08908
DB00716,Q9Y271
DB00598,P08588
DB12010,P45984
DB06716,P47870
DB08865,Q9UM73
DB00379,P35869
DB00266,Q9BQB6
DB09079,P07948
DB00332,P08172
DB00568,P11229
DB00412,P37231
DB01156,Q01959
DB11496,P07202
DB01068,P78334
DB00540,P18825
DB12010,Q15418
DB01234,P51843
DB00393,Q08289
DB01351,P42262
DB00668,P01375
DB15035,P06239
DB06689,P00748
DB00945,P29466
DB12010,P53779
DB06249,P03372
DB14540,P14060
DB01392,Q14500
DB06802,P23219
DB01593,Q8N907
DB14487,P01308
DB14019,P25103
DB14533,P06702
DB01200,P41595
DB11901,Q99928
DB00306,Q99928
DB00454,Q13224
DB00543,P35368
DB09462,P09466
DB01174,O75469
DB01069,Q99572
DB00909,Q99250
DB01235,P35462
DB12010,O14578
DB06155,Q9Y2T6
DB00715,Q13639
DB09097,P21918
DB14488,P02787
DB12010,Q02156
DB00377,P46098
DB14487,Q06481
DB00462,P08172
DB03796,P10632
DB06712,Q13698
DB12141,P08908
DB12010,Q13131
DB00869,P00918
DB01297,P08588
DB00945,P01106
DB04840,P23975
DB12332,P09874
DB00214,Q13621
DB00694,Q02880
DB00683,P47869
DB09130,P25311
DB00605,Q03181
DB00334,P08588
DB08895,P29597
DB00898,Q9UGM1
DB13995,P02792
DB00776,Q9NY46
DB00753,Q16445
DB00825,Q08289
DB01437,P31644
DB01224,P08912
DB09195,P18825
DB00540,Q99720
DB12147,P16234
DB01110,O15554
DB00186,P78334
DB01407,P08588
DB00132,Q8NER1
DB00142,Q13002
DB00696,P28221
DB11901,P31644
DB00014,P30968
DB14533,P05109
DB06204,P23975
DB01023,P0DP23
DB15035,Q13882
DB08801,P08172
DB12010,P53667
DB11986,Q16288
DB00570,Q9UJT1
DB01599,P23141
DB00661,P35368
DB00237,Q9UGM1
DB04841,P35367
DB01242,P41595
DB01204,P11388
DB00200,P20061
DB00413,P35462
DB00433,P35368
DB01593,P35908
DB01059,P11388
DB01151,P35348
DB08604,P10275
DB01151,P18825
DB01608,P35368
DB01019,P20309
DB04832,P27338
DB01009,P25024
DB01366,P07550
DB04946,P14416
DB00570,Q71U36
DB09078,P07949
DB01069,Q8NCM2
DB00703,P07451
DB00204,Q12809
DB01409,P08912
DB01588,P47869
DB00555,Q99928
DB00715,P08913
DB01068,Q8N1C3
DB01175,P18825
DB00433,P14416
DB00469,P23219
DB00737,P35367
DB13967,P02768
DB01108,P26439
DB00988,P46098
DB01151,P28335
DB00201,Q08499
DB01220,O75469
DB14499,P05023
DB14185,P21728
DB09074,P09874
DB00145,Q14330
DB00412,P28702
DB01336,P08172
DB00555,P47870
DB01126,P31213
DB00287,P43088
DB00185,P20309
DB00695,Q13621
DB00848,P32297
DB00237,Q9UN88
DB01427,Q07343
DB00655,P11511
DB00502,P35348
DB00543,Q9H3N8
DB14481,P28676
DB00898,P19320
DB01189,P14867
DB00120,Q9UHI5
DB00725,P11229
DB12267,P36888
DB00758,Q9H244
DB14487,P04004
DB01107,P18505
DB00753,P0DP23
DB08901,P16234
DB09118,P48169
DB00114,P00505
DB00568,P21728
DB00831,Q9NYX4
DB00408,P08912
DB00543,P50406
DB06174,Q99720
DB00252,P18507
DB00865,Q01959
DB00656,P28335
DB00184,P36544
DB00842,P28472
DB00228,O43497
DB14533,P20851
DB00585,P25021
DB00191,P01303
DB00458,O95259
DB01593,P00739
DB00321,Q9NS40
DB00988,Q01959
DB00555,P08588
DB14487,P06396
DB08881,P15056
DB14487,P02765
DB00142,Q04609
DB01595,Q16445
DB09205,P25100
DB11652,P04626
DB14533,P31151
DB00715,P08173
DB00320,P08913
DB01365,P25100
DB14487,P22792
DB00374,P43119
DB00477,P28335
DB00184,P17787
DB12404,Q8N1C3
DB00851,P52209
DB00697,P08913
DB01160,P43119
DB12010,Q16539
DB00486,P34972
DB01010,P06276
DB01110,P22459
DB00583,O76082
DB00371,P48169
DB00897,Q9UN88
DB00540,P08173
DB01259,P04626
DB00475,P14867
DB00241,P36544
DB00142,Q8TD30
DB14481,Q15493
DB09409,Q13224
DB00637,O95259
DB00186,P31644
DB00477,P41595
DB11640,Q09470
DB00653,O00555
DB00924,Q06278
DB00723,P35348
DB00153,Q9UF02
DB00462,P11229
DB09167,P08173
DB00575,P35348
DB01069,P0DP23
DB00436,P00918
DB00726,P20309
DB00543,P18505
DB00402,O14764
DB05260,P01584
DB00228,Q9NR82
DB06335,P27487
DB01589,P28472
DB11837,P15538
DB00674,P36544
DB11853,P30968
DB00308,Q12809
DB00818,P18505
DB12010,P49840
DB00599,O00519
DB11274,P14416
DB11967,Q13233
DB14487,P68871
DB14487,P31151
DB11273,P50406
DB00163,O75469
DB01224,P50406
DB00734,P18825
DB00143,P10620
DB00273,Q08289
DB06702,P20309
DB00241,P18507
DB01017,Q8TD08
DB00652,P41145
DB01618,P08908
DB11901,O14764
DB01068,P34903
DB00228,Q14003
DB01580,P08588
DB00627,Q8TDS4
DB11093,P62166
DB00393,O60840
DB01136,P35368
DB00228,P62955
DB00237,P30532
DB00818,O14764
DB00690,P14867
DB01118,Q86YN6
DB13954,Q92731
DB01191,P28335
DB09238,O00305
DB00801,P78334
DB01186,P28223
DB14533,Q06830
DB01186,P28221
DB00145,Q12879
DB14487,P0C0L5
DB00627,P40261
DB00937,P23975
DB08822,P30556
DB00468,P14770
DB01395,P06401
DB04855,Q01668
DB01135,Q15822
DB13955,P37059
DB12010,Q96RR4
DB01159,P20020
DB03754,P05067
DB11273,P28222
DB00308,Q02641
DB00656,P35348
DB00454,P20309
DB00777,P08172
DB01224,P21728
DB00228,Q9BQ31
DB08814,Q9Y233
DB00783,Q14457
DB00898,Q8N1C3
DB00246,P35368
DB00424,P08173
DB01213,P04040
DB00835,P11229
DB04855,Q13698
DB01593,P0C0L5
DB09085,Q01118
DB01273,P32297
DB11186,P35498
DB00935,P18089
DB01189,P03886
DB14533,P00441
DB00114,P17174
DB01063,P10275
DB01708,Q9UN88
DB00966,P37231
DB00801,P18507
DB15102,P21802
DB01102,P08588
DB14490,P02794
DB00340,P08172
DB12010,P51813
DB12010,Q05397
DB00800,P35368
DB01069,O95259
DB01189,P16615
DB00182,P23975
DB01133,Q13488
DB00726,P13945
DB06413,Q01959
DB13954,Q99527
DB01221,P28222
DB12010,P36507
DB06148,P08908
DB01365,P18825
DB01288,P13945
DB00228,Q9UK17
DB00184,P43681
DB01104,O00264
DB01291,P08588
DB00273,P35499
DB12010,Q9UL54
DB00205,P00374
DB12141,P28335
DB00777,P11229
DB00363,P34969
DB00132,Q07869
DB04272,O75390
DB00342,P11229
DB04824,O75469
DB03793,P14920
DB00184,P11511
DB00493,P02768
DB01234,P04150
DB01119,P00915
DB00629,P18089
DB13867,P08235
DB01017,P42574
DB00408,P08908
DB14481,P09486
DB02546,Q92769
DB01403,P08173
DB14533,P04196
DB00114,Q96A70
DB01589,P14867
DB11967,P05231
DB01235,P14416
DB01069,P18089
DB01065,P27797
DB00502,P18825
DB11273,P46098
DB01593,P78330
DB09462,O43252
DB01064,Q92569
DB00143,O14880
DB14487,P05067
DB06772,Q9H4B7
DB13952,Q92731
DB01017,P99999
DB00918,P28221
DB01233,P11229
DB00243,Q13936
DB00349,Q16445
DB08901,P21802
DB00246,P08172
DB14533,P23415
DB00246,P21918
DB12010,Q96L34
DB01110,Q01668
DB02659,P00403
DB00776,O60939
DB06603,Q13547
DB02300,P11473
DB01238,O15399
DB00153,P62955
DB01068,P48169
DB14539,P04083
DB00489,P08588
DB08901,P07949
DB01064,P00441
DB12001,P11802
DB00142,P54886
DB09130,P01008
DB09272,P41143
DB00699,P35348
DB13953,O75469
DB00921,P41145
DB01267,P28221
DB00408,P14416
DB02789,O00204
DB01221,P08908
DB01069,Q14003
DB00502,P08913
DB01017,Q16659
DB11757,P29274
DB05381,P25021
DB13952,Q15596
DB00493,Q8TCC7
DB01110,Q14003
DB00349,P31644
DB12010,P07332
DB00829,Q8N1C3
DB00402,Q99928
DB01236,P03886
DB01224,P08908
DB01338,Q15822
DB00950,P35367
DB01200,P34969
DB00941,P06276
DB01708,P34903
DB00568,Q13936
DB00370,P28223
DB01558,Q16445
DB00245,Q01959
DB01403,P18825
DB00143,Q7RTV2
DB09089,Q13936
DB14487,Q00987
DB00312,Q13002
DB12371,Q9H228
DB00682,Q9BQB6
DB09130,Q07021
DB11859,P47870
DB06595,P17252
DB09130,O75880
DB00321,P28223
DB00246,P08913
DB12141,Q9UM73
DB00825,Q7Z2W7
DB00206,P54219
DB00366,Q14994
DB00284,P14410
DB00475,Q16445
DB00186,Q16445
DB01045,O75469
DB01175,P11229
DB11859,P31644
DB00907,P35499
DB14185,P35368
DB08916,Q15303
DB00334,Q99928
DB14533,P49411
DB00119,O60669
DB00458,Q9NZV8
DB14533,P15531
DB00134,Q99707
DB12537,Q8N1C3
DB00975,O76074
DB04841,Q9P0X4
DB08896,P10721
DB09130,P05155
DB00675,P05129
DB00454,O15399
DB00555,Q15858
DB00780,P21397
DB01065,P03372
DB14487,Q13547
DB00800,P21918
DB00334,P08172
DB00481,Q92731
DB01428,P06401
DB00408,P18089
DB00376,P08912
DB00668,P08913
DB00397,P08913
DB01022,P38435
DB00637,P35367
DB14533,P46663
DB00162,P47895
DB00696,P18825
DB00270,O95180
DB00898,Q99928
DB01199,P22303
DB04348,Q96RI1
DB08896,Q02763
DB00204,Q14500
DB09213,P37231
DB00481,P03372
DB00830,P23975
DB00579,P31645
DB01626,P27338
DB00509,P07202
DB08819,P43088
DB01268,P35916
DB00734,P28221
DB01236,P47869
DB01032,Q4U2R8
DB12010,P10721
DB09205,P35348
DB08895,P52333
DB09076,P08912
DB00659,P47870
DB06589,P35916
DB00683,Q9UN88
DB03585,Q9NZK7
DB12010,Q96D53
DB01436,P11473
DB00647,P35372
DB08818,P05362
DB13953,Q99527
DB13269,Q01118
DB00237,P18507
DB12010,Q9UGI9
DB05015,Q969S8
DB09118,P78334
DB01110,Q9UJ90
DB00308,Q13936
DB00412,O60488
DB02659,P00326
DB00834,P07288
DB00555,Q01118
DB00392,Q8TCU5
DB00295,Q9Y6Y9
DB14487,P35858
DB02266,P23219
DB00176,P31645
DB01110,Q9NR82
DB00408,P25021
DB01069,Q03721
DB01380,P04150
DB00648,P03372
DB09195,P35348
DB01576,Q05940
DB14487,P30101
DB12010,Q13554
DB08882,P27487
DB09085,P21817
DB00514,P36544
DB00360,P00439
DB00387,P20309
DB00628,Q16445
DB00598,P07550
DB12010,O60674
DB00312,P14867
DB00988,P09172
DB00449,P06276
DB00315,P28222
DB00988,P21917
DB05541,Q07699
DB00706,P35368
DB00750,Q14524
DB00502,P08908
DB00843,P29475
DB01593,Q06830
DB11359,P02768
DB00599,P14867
DB00822,P09172
DB00366,P35367
DB01353,P36544
DB01213,P00325
DB00697,P18089
DB09053,Q06187
DB00871,P13945
DB12141,Q13639
DB00360,P29474
DB09130,P06733
DB08916,P00533
DB00572,P08173
DB00543,P28472
DB05015,Q13547
DB12010,Q00536
DB01577,P54219
DB00282,P14324
DB09085,P35499
DB00555,P21728
DB00370,P35367
DB00589,P28335
DB00145,O75600
DB00714,P18089
DB01185,P10275
DB12010,P41240
DB12010,P48729
DB00960,P08908
DB12010,P19525
DB01593,P00441
DB14481,Q75N90
DB12010,P29317
DB01267,P35462
DB00243,P35498
DB00315,P28223
DB14487,O75636
DB00898,P48169
DB01224,P28221
DB00315,P34969
DB00138,Q9UPY5
DB00917,Q9Y5Y4
DB00143,P00390
DB12010,P16234
DB00388,P35368
DB09130,P29401
DB04846,P18825
DB01296,Q00653
DB00912,P37231
DB09089,Q13698
DB00050,P30968
DB12010,P07949
DB00173,P78362
DB13872,P18505
DB01186,P28222
DB00831,P35348
DB01064,P08588
DB12010,O15146
DB06217,Q9UK17
DB00189,P28472
DB00320,P41595
DB00273,Q9Y5Y9
DB01186,P35462
DB09089,O00305
DB09130,P06396
DB00368,P18825
DB09130,P04217
DB00583,P23786
DB06262,P08588
DB00945,P28482
DB01068,P18505
DB00228,O00305
DB01110,Q16322
DB13751,P01375
DB09130,P04406
DB00252,O00305
DB00822,P05091
DB14001,P49619
DB00425,P47869
DB14487,O14618
DB11348,P22676
DB00690,P18505
DB01593,P01011
DB00909,P35218
DB00836,P01189
DB01107,P48169
DB01238,Q9H3N8
DB00398,P35916
DB04841,O43497
DB00289,P41145
DB01236,P48169
DB14649,P04083
DB00178,P12821
DB00818,P18507
DB01708,P14867
DB00909,P21397
DB12010,Q16584
DB00228,Q9H252
DB01065,P0DP23
DB09205,P18089
DB00145,P48167
DB01018,P08913
DB00672,Q09428
DB06594,P28335
DB12278,P08172
DB01023,Q01064
DB09213,P35354
DB00543,P47869
DB03147,P14920
DB08818,P98066
DB00405,P35367
DB04575,P03372
DB00210,P10276
DB15982,P03952
DB00273,Q01118
DB14185,P21917
DB01069,P22459
DB00583,P43155
DB00612,P07550
DB09130,P02655
DB05015,Q9UBN7
DB05271,P14416
DB00726,P14416
DB00366,P20309
DB13167,P35354
DB12010,Q08345
DB02659,P10176
DB06603,Q9UQL6
DB03128,P11229
DB04855,O95069
DB12147,P35968
DB01189,P23634
DB00726,P35367
DB00925,P18825
DB00477,P25100
DB14533,P41238
DB09130,Q07955
DB00623,P10275
DB00714,P28335
DB13953,Q14457
DB01238,P35368
DB00829,P47869
DB01409,P20309
DB00349,P47869
DB00201,Q14573
DB09130,P10412
DB00568,P20309
DB12010,P07947
DB01399,P23219
DB00502,P20309
DB00126,Q9H6Z9
DB00726,P08912
DB01133,Q05209
DB00731,Q09428
DB14533,P68871
DB09213,P13569
DB00182,P14416
DB09076,P11229
DB01236,Q9UN88
DB01595,P47870
DB04855,P08913
DB00945,P35354
DB00624,P10275
DB14533,P35858
DB01593,P35858
DB01236,P31644
DB09078,P17948
DB06595,P35968
DB00434,P08172
DB00241,Q99928
DB00535,P05164
DB15233,P10721
DB01017,P29466
DB00411,P11229
DB14001,Q9Y6T7
DB00228,Q9UF02
DB00138,O60931
DB08860,P04035
DB14002,P09917
DB01593,P02766
DB00268,P35348
DB00725,P20309
DB06637,Q14003
DB00458,P08173
DB12010,O14730
DB01107,Q9UN88
DB00564,Q15858
DB00292,P18507
DB00461,P35354
DB01197,P09960
DB01029,P05412
DB00252,P34903
DB12010,Q16288
DB00153,O00555
DB01151,P35368
DB12010,P42685
DB06707,P18089
DB00514,P13498
DB00514,Q8TCU5
DB00799,P10826
DB01591,P08173
DB00143,P09210
DB00412,Q03181
DB06401,P03372
DB01200,P28221
DB09089,Q02641
DB00126,Q8IVL5
DB11348,P30626
DB00119,P36021
DB00796,P30556
DB00418,P47869
DB09195,P28335
DB11633,Q12809
DB01593,P07237
DB00572,P43681
DB01069,Q9BQ31
DB03310,P36969
DB01151,P14416
DB05294,P15692
DB00273,Q13002
DB00427,P35367
DB01593,P30101
DB00228,O14764
DB00550,P07202
DB00749,P35354
DB00683,P14867
DB00143,P36969
DB15102,P11362
DB01110,Q02641
DB06637,Q14721
DB01956,Q9UBS5
DB12010,Q9H3Y6
DB00316,P35354
DB04821,Q01959
DB00875,P21728
DB00132,O60427
DB00363,P11229
DB00653,Q13936
DB06637,Q9NSA2
DB00805,P22303
DB00945,P98066
DB01078,P05023
DB01215,P18507
DB13269,P35499
DB00454,Q01959
DB00431,P06401
DB02530,P50440
DB01069,P16389
DB00540,P13945
DB01403,P21728
DB06148,P08913
DB01395,P04150
DB00126,P13674
DB00483,P11229
DB14185,P35367
DB00925,P18089
DB00228,Q16445
DB01426,Q14524
DB09130,P01031
DB11186,Q14524
DB09130,P06727
DB00536,Q14353
DB01437,P14867
DB00838,P04150
DB04846,P07550
DB09130,P29034
DB00753,P17787
DB14487,P49908
DB01238,P18089
DB01124,Q09428
DB01174,Q13002
DB14583,P10275
DB00457,P35368
DB00940,P08172
DB01162,P01137
DB00201,Q07343
DB00715,P08588
DB00114,P34896
DB11619,P10275
DB12010,Q6PHR2
DB13800,P0DP23
DB01069,P25100
DB01069,Q99677
DB09130,P10997
DB04855,Q14500
DB00252,Q9UN88
DB00306,Q8N1C3
DB00228,O43525
DB00132,P19793
DB01238,Q8TCU5
DB00574,P28223
DB00309,Q9H4B7
DB00148,P17540
DB00189,Q9UN88
DB13783,P35354
DB01593,P04279
DB00714,P41595
DB06694,P35368
DB00371,Q16445
DB01069,P51582
DB00795,P04054
DB01198,P47869
DB04821,P31645
DB00935,P35368
DB00270,Q13698
DB00540,P08908
DB00363,Q9NYX4
DB01041,Q96SW2
DB00940,P11229
DB09078,P11362
DB11859,P78334
DB06077,P31645
DB00805,P21397
DB00189,P34903
DB00313,P35499
DB09089,Q08289
DB04938,P03372
DB01120,Q09428
DB00755,P31025
DB00114,P21549
DB01593,O14618
DB00540,P08588
DB01227,P32297
DB11386,Q12809
DB00716,Q9NS75
DB00514,P32297
DB13751,P19838
DB01378,P05023
DB09167,P23975
DB00849,P48169
DB01367,P27338
DB00493,Q4U2R8
DB00653,Q08289
DB00774,P22748
DB01133,P38606
DB00382,P23141
DB00945,Q9Y478
DB01186,P41595
DB09236,O00305
DB00715,P25100
DB06262,P08913
DB09086,Q92731
DB01621,P08908
DB09389,P06401
DB12010,O14936
DB00979,P11229
DB00571,P07550
DB00648,P10275
DB00755,Q9NR63
DB06637,P22001
DB00656,P08913
DB12537,P28472
DB00915,P14416
DB11090,Q12809
DB09086,P03372
DB00193,P28335
DB12010,Q13546
DB01262,Q9UBC3
DB11986,P08922
DB00431,P18505
DB14533,P02765
DB00402,P28472
DB04864,P22303
DB11967,P01375
DB15444,P13569
DB11901,Q9UN88
DB09257,Q12882
DB00402,P18505
DB00783,P43681
DB00411,P08173
DB00126,Q32P28
DB01169,Q13547
DB00334,P18507
DB11855,P08172
DB01558,Q8N1C3
DB14533,P10909
DB12147,P22607
DB09128,P28223
DB06626,P35968
DB00497,P41145
DB00153,Q15878
DB01028,P47869
DB11278,P08588
DB01118,P07550
DB04855,P51787
DB00688,P12268
DB04272,O14964
DB00246,Q8WXA8
DB01110,Q14721
DB11823,Q16620
DB00228,P54284
DB13269,Q9NY46
DB12010,Q13882
DB01133,Q9UI12
DB01327,P27169
DB00337,P62942
DB00898,P42261
DB00346,Q12809
DB08901,P00519
DB00268,P25100
DB01199,P36544
DB08964,P43116
DB01327,P40933
DB06148,P14416
DB00270,Q13936
DB01364,P35348
DB00114,Q96I15
DB00126,Q8N543
DB01088,P43119
DB14533,P04003
DB00675,Q02156
DB00409,P28223
DB01351,P14867
DB00696,P35368
DB01036,P08912
DB01325,P55017
DB00675,P45983
DB01110,P22001
DB00586,P35354
DB00292,Q16445
DB12010,P36896
DB00459,P28702
DB13949,P02786
DB14185,P11229
DB00849,P47869
DB01595,Q8N1C3
DB01221,P08912
DB01069,Q9H3M0
DB14488,P69905
DB01242,P31645
DB14533,P00736
DB12010,O15197
DB01194,P00915
DB00367,P06401
DB01195,Q92736
DB14533,P46939
DB01437,P18505
DB00842,P47869
DB00555,Q9UN88
DB00583,Q8N8R3
DB09130,P08758
DB00413,P08913
DB00280,Q9NZV8
DB12010,O75116
DB12010,Q9UQB9
DB00142,P42263
DB00114,O15269
DB00153,P54289
DB14487,P04075
DB00228,Q96KK3
DB00119,P11498
DB09130,P23246
DB09076,P08172
DB00292,P18089
DB01353,Q13002
DB14533,P04279
DB01238,P35462
DB03088,Q03403
DB00502,P35367
DB09085,P35498
DB01210,P07550
DB00388,P35348
DB01392,P18825
DB00294,P06401
DB00636,Q07869
DB00574,Q99720
DB09078,P35916
DB00736,O94760
DB02659,P00395
DB14487,O14791
DB00118,P21964
DB00599,P43681
DB01215,P47870
DB00204,O95069
DB01437,P18507
DB03904,P00918
DB13873,Q9NPA2
DB12010,P68400
DB00143,P15121
DB06711,P08913
DB14481,Q99584
DB00458,P08912
DB01021,P00915
DB00726,P35368
DB00237,Q99928
DB14487,P02649
DB01593,P02795
DB00907,Q01959
DB00897,P47869
DB00243,O60939
DB00490,P35368
DB09097,P14416
DB00947,P03372
DB00477,P02763
DB00431,O75469
DB01233,P46098
DB00909,Q9ULX7
DB00809,P11229
DB01406,P06401
DB00308,Q06432
DB00835,P08173
DB14487,P00748
DB13872,P47869
DB00145,P34896
DB01189,P42261
DB00628,P47869
DB08901,Q02763
DB00647,P41145
DB00945,O14920
DB00243,Q8IWT1
DB06637,P48547
DB00363,P08173
DB00716,Q13258
DB01065,Q92753
DB00511,P05023
DB00393,Q01668
DB00145,Q14957
DB00697,P18825
DB11967,P36507
DB01238,P35372
DB14487,P00441
DB00182,P08913
DB01593,P04003
DB14490,P39748
DB01183,P41143
DB01437,P78334
DB00126,Q9NVH6
DB04820,P21397
DB01079,P28223
DB01593,P00751
DB00715,P07550
DB01110,Q9NSA2
DB00476,Q01959
DB00675,Q04759
DB01558,P47870
DB14185,P21918
DB01427,Q08499
DB12010,P29320
DB00252,Q99250
DB00599,P47869
DB00659,P14867
DB14185,P28221
DB01223,P30542
DB00389,P07202
DB00690,Q9UN88
DB01956,P23415
DB00898,P17787
DB01588,P18507
DB00114,P23378
DB14490,Q16595
DB01407,P07550
DB00392,P11229
DB00909,Q9NY46
DB06637,Q9UK17
DB00809,P08173
DB00306,P36544
DB01708,Q99720
DB00514,P41143
DB01016,Q15842
DB00480,P35354
DB01224,P08173
DB11855,P20309
DB01587,P18505
DB13501,P23219
DB00399,P14324
DB00395,P47870
DB00228,O00555
DB00521,P07550
DB00715,P35348
DB00145,O75311
DB00991,P23219
DB01393,P19793
DB00685,P11388
DB00458,P23975
DB06589,P09619
DB01595,P34903
DB00813,P35372
DB01133,P21283
DB08818,Q5JVS0
DB14541,P14060
DB00142,P80404
DB00344,P31645
DB00477,P35368
DB00957,P06401
DB00668,P07550
DB00555,P02708
DB06155,P21554
DB14533,P02795
DB13154,P35499
DB08604,P37231
DB00120,O95363
DB00543,P14867
DB11859,P48169
DB00929,P43115
DB00936,P35354
DB11672,P09211
DB01588,P18505
DB03619,Q96RI1
DB00823,P03372
DB00186,P34903
DB00398,P04049
DB00363,P28223
DB01065,P46597
DB00142,P42261
DB01224,P46098
DB00777,P14416
DB00132,P37231
DB00371,P28472
DB01544,P28472
DB05541,Q01118
DB00252,P18505
DB00459,P19793
DB00898,Q15822
DB00143,Q16775
DB00118,Q14749
DB00903,Q9UJU2
DB12010,P42680
DB11823,Q8TCU5
DB00162,Q8TC12
DB01593,P06727
DB01403,P35348
DB04841,P0DP23
DB01069,Q14524
DB00922,P63316
DB11348,P13693
DB01215,P28472
DB11093,O14958
DB00246,P46098
DB00252,P31644
DB01708,P31644
DB00270,Q08289
DB00248,P25100
DB00575,P35368
DB00228,P16389
DB00252,P47869
DB01238,Q13224
DB14533,P35527
DB01016,Q09428
DB00591,P04150
DB00237,Q13003
DB01186,P35368
DB01120,P15692
DB00216,P28221
DB09220,O60706
DB11691,P35372
DB02659,P14854
DB01200,P21917
DB04855,P35368
DB09085,Q14524
DB00431,P28472
DB00306,Q16445
DB00755,Q6V0L0
DB09130,P10909
DB00459,P13631
DB00163,P62714
DB05541,Q9Y5Y9
DB00540,P31645
DB00575,P18089
DB11828,P00533
DB14490,Q969S2
DB00363,P08913
DB14533,P01591
DB00564,Q01118
DB00395,P31644
DB09130,O60701
DB00273,Q16099
DB00543,P41595
DB00248,P08908
DB00519,P12821
DB00604,Q13639
DB12010,P51451
DB00800,P25100
DB00589,P08913
DB00801,P47870
DB09130,P61769
DB01200,P25100
DB00189,P18505
DB09167,P08912
DB00996,O43525
DB14533,P08603
DB12010,Q15303
DB14481,P35556
DB00273,Q14524
DB01133,Q96A05
DB12010,Q9BVS4
DB09078,P35968
DB12010,Q8TDR2
DB12141,P41595
DB00334,P47869
DB03128,P36544
DB00543,O14764
DB09472,P00918
DB00418,O60391
DB00723,P35368
DB00321,P08172
DB14001,Q5KSL6
DB00653,O00305
DB12010,Q7KZI7
DB00340,P08912
DB14533,P01308
DB00321,Q9H252
DB01200,P28335
DB01593,P02787
DB00661,Q00975
DB06694,P35348
DB00914,Q13131
DB09517,P69905
DB01110,Q09470
DB00749,P23219
DB01160,P43088
DB14487,P06733
DB00143,Q8TED1
DB00675,P17252
DB00628,Q8N1C3
DB01338,P08172
DB00605,P23219
DB00924,P50406
DB00564,Q9Y5Y9
DB12537,O14764
DB09075,P00742
DB04908,P08908
DB00396,P05093
DB00539,P03372
DB00122,Q9Y5K3
DB00898,P18505
DB05381,P35367
DB00936,Q04828
DB00306,P14867
DB00334,P31644
DB00201,P29274
DB00200,Q9BXJ7
DB00619,P11274
DB13872,P18507
DB12010,Q7L7X3
DB00933,P14416
DB00241,P43681
DB00228,Q03721
DB01189,Q01814
DB00349,O14764
DB00321,Q12809
DB00408,P35368
DB11181,P08173
DB01708,P47870
DB00714,P28223
DB00496,P20309
DB01107,P34903
DB11093,P41180
DB00477,P18825
DB00481,P04155
DB01267,P18825
DB00657,P36544
DB00354,P11229
DB00508,P21728
DB01104,Q99720
DB00398,P09619
DB01037,P27338
DB00243,Q02641
DB04821,P23975
DB01708,P48169
DB00990,P11511
DB00843,O60391
DB06203,P27487
DB00209,P11229
DB06637,Q9NZV8
DB01200,P08913
DB09130,Q9UHF0
DB00153,Q13936
DB01544,O14764
DB11652,P21860
DB12010,Q9Y2U5
DB01100,P35462
DB01215,P78334
DB00201,P30542
DB03147,Q16795
DB01359,P28222
DB01065,P48039
DB00818,P47869
DB09086,P10275
DB00143,Q9H4Y5
DB00454,Q05586
DB00248,P35368
DB11859,Q9UN88
DB09238,Q01668
DB01325,P55011
DB00420,P14416
DB03128,P20309
DB00935,P35348
DB00312,P18507
DB09130,P35908
DB04855,P10827
DB01628,P35354
DB06700,Q01959
DB00170,P00740
DB00312,P34903
DB00543,P18825
DB01238,P14416
DB12010,P07333
DB02659,Q8TDU6
DB11587,P07550
DB00627,P49019
DB00801,Q16445
DB00497,P41143
DB12537,Q99928
DB01110,P17658
DB12404,O14764
DB00327,P41145
DB01238,P25021
DB12141,O95264
DB11081,P00367
DB01017,O15264
DB00121,Q96RQ3
DB00228,Q6PIU1
DB02659,P10606
DB00408,P35367
DB00871,P07550
DB06412,P16860
DB12141,P34969
DB12010,Q16512
DB08820,P13569
DB00312,Q8N1C3
DB01079,Q13639
DB00252,Q01668
DB00295,P35372
DB01017,P45983
DB01348,P12821
DB01174,P36544
DB01608,P21728
DB00909,P35498
DB00690,P47870
DB03088,O43612
DB00608,Q9BYF1
DB12010,P21802
DB00806,P30542
DB06711,P35348
DB00864,P62942
DB14185,P08912
DB00357,P11511
DB00602,P28472
DB00228,Q99928
DB00418,Q12879
DB09238,P54284
DB01069,P51575
DB00182,P08588
DB00378,P06401
DB00228,O95180
DB00402,P47870
DB00745,Q01959
DB06204,P41145
DB08916,P04626
DB06148,P50406
DB00241,O14764
DB00842,P34903
DB12010,O75914
DB00599,P20309
DB01074,P50416
DB14487,P01591
DB01110,P51787
DB16019,P07288
DB13269,Q15858
DB01019,P08172
DB01593,P04637
DB04946,P28223
DB01325,P00918
DB00696,P08908
DB01223,Q92769
DB00307,P48443
DB00611,P35372
DB14487,P01024
DB11817,O60674
DB11093,P0DP23
DB01708,P03372
DB00675,Q12809
DB00568,Q13698
DB00201,Q14123
DB00755,P10826
DB14533,P49908
DB12010,O60285
DB00115,Q99707
DB01236,Q16445
DB00818,Q9UN88
DB01129,P20648
DB00458,P21918
DB01110,O75469
DB12010,Q9UK32
DB05015,Q9UKV0
DB00929,P34995
DB01238,P31645
DB13257,P69905
DB00555,P18507
DB01069,Q9UJ96
DB00142,Q16099
DB00602,O75311
DB08828,Q99835
DB14631,P04150
DB09119,Q99571
DB00668,P18089
DB01593,P16455
DB00243,P35499
DB00753,Q9UN88
DB05381,Q9Y5N1
DB00395,P18507
DB01009,P23219
DB01593,P29034
DB01214,P08588
DB01956,O14764
DB00898,P32297
DB12010,P43405
DB00321,P23975
DB14533,P09874
DB00458,P25100
DB00555,P21918
DB00829,Q99928
DB00555,P35348
DB00245,P31645
DB01180,P12821
DB01039,Q9NPA2
DB14490,P02787
DB08896,P09619
DB00674,P22303
DB09070,P03372
DB01133,P21281
DB00408,P35348
DB00393,P35869
DB01587,P14867
DB00606,P00915
DB01370,P05023
DB00228,Q8TCU5
DB06262,P00439
DB00939,O43525
DB12010,O75460
DB00957,P10275
DB00628,Q9UN88
DB01593,P46939
DB01198,P34903
DB01268,P35968
DB11348,P27797
DB00897,P18505
DB00408,Q01959
DB12010,P49760
DB12010,P22607
DB00933,P28223
DB00731,P37231
DB00776,Q99250
DB12010,Q12851
DB00801,Q8N1C3
DB00216,P28222
DB09118,P07195
DB00308,O00180
DB00313,O60939
DB00363,P28222
DB00555,P34903
DB01159,P47869
DB00570,P05412
DB00312,P28472
DB09130,P08697
DB00623,P28335
DB14487,O15350
DB00675,O75469
DB01238,P47898
DB00334,P46098
DB01110,Q14500
DB00935,P18825
DB00126,Q02809
DB06151,O15111
DB00248,P28222
DB04272,P07360
DB00575,P25100
DB00184,Q9UGM1
DB00921,P35372
DB00588,P08235
DB06077,P28223
DB00476,P31645
DB01200,P28223
DB12010,Q13555
DB01599,O95477
DB13943,P10275
DB00514,P23975
DB01221,P08172
DB14185,P08913
DB01176,P49888
DB08896,P35916
DB01234,P35228
DB02266,P37231
DB00661,O95180
DB00805,P41595
DB11186,Q01118
DB09130,P50213
DB00944,P22303
DB01403,P14416
DB01283,P35354
DB00573,P35354
DB00475,P47869
DB12789,Q9Y5Y4
DB01069,Q09470
DB00122,P06276
DB12404,P18505
DB09130,P04264
DB00142,Q5JPH6
DB01393,O75469
DB00884,P14324
DB12010,P35968
DB00909,Q15858
DB00514,Q15080
DB12010,Q2M2I8
DB11633,Q14524
DB11093,P80303
DB00143,P22352
DB01136,P08913
DB14487,P00736
DB01593,P49411
DB09167,P08908
DB01365,P08588
DB00925,P08913
DB14002,O75469
DB12010,P42684
DB00683,P31644
DB01351,Q13002
DB00960,P07550
DB01210,P08588
DB00228,O60391
DB00342,P35367
DB12010,Q13557
DB00248,P08588
DB00228,Q05586
DB01110,Q9H252
DB00245,P11229
DB00408,Q9H3N8
DB06204,P31645
DB00653,O60840
DB00408,P31645
DB12010,Q06187
DB01110,O95259
DB14006,P49585
DB00773,Q02880
DB01221,P25103
DB09089,Q86W47
DB01185,P80365
DB00626,P01023
DB00349,Q99928
DB01179,P68366
DB00246,P18825
DB00240,P04150
DB06201,Q15858
DB00629,P08913
DB06712,P54289
DB00193,Q8TCU5
DB01179,P07437
DB12278,P08173
DB00313,Q15858
DB00142,P42262
DB02530,O75899
DB13954,P62508
DB00882,P03372
DB13943,P03372
DB00228,O15399
DB00153,Q9Y698
DB01238,P08172
DB04946,P50406
DB00564,O75469
DB00480,P33151
DB01224,P21918
DB11348,O75340
DB00818,P14867
DB11273,O95264
DB08896,P07949
DB01107,Q16445
DB06207,P25100
DB00863,P25021
DB00431,P23415
DB01708,O75469
DB09517,P02792
DB00656,P35367
DB01088,P34995
DB00630,P29074
DB00398,P07949
DB00504,P35372
DB00869,P00915
DB00518,Q71U36
DB01173,O60391
DB01041,P01375
DB00114,Q9NVS9
DB00308,Q9NS40
DB00726,P07550
DB00909,Q9P0X4
DB01174,O60391
DB01070,P11473
DB06701,Q01959
DB11718,P24385
DB00720,P05141
DB09130,P00747
DB13257,P02786
DB00268,P18825
DB08949,Q8TDS4
DB00768,P35367
DB00246,O95264
DB00502,Q99720
DB14533,P78330
DB00749,P19793
DB01069,Q93086
DB00715,P31645
DB00514,O00264
DB01023,Q13936
DB00143,P10768
DB00475,P34903
DB09238,Q13936
DB00184,Q05901
DB08901,P36888
DB01592,Q9GZT9
DB15598,P05106
DB01235,P21728
DB00114,Q96GD0
DB00715,P34969
DB00193,P23975
DB00420,P35348
DB00619,P16234
DB03756,P28702
DB00246,P11229
DB01016,P13569
DB00734,P14416
DB00201,O76083
DB09195,P28223
DB00412,P19793
DB01588,P31644
DB00898,P14867
DB01069,P48547
DB12010,P00533
DB00162,O94788
DB12010,Q13523
DB09079,P11362
DB00145,P22557
DB00678,P30556
DB00732,Q15822
DB04115,O15392
DB00476,P23975
DB00475,Q8N1C3
DB12010,P57059
DB12010,Q13188
DB01115,Q13698
DB00909,Q9UI33
DB13953,P00846
DB01115,O75469
DB00733,P06276
DB00675,Q15125
DB00418,Q05586
DB01211,Q9Y6L6
DB00153,Q7Z3S7
DB00186,Q9UN88
DB00431,P24046
DB00501,P25021
DB00783,P03372
DB01179,P11388
DB14533,P02790
DB00126,Q9GZT9
DB00381,P17405
DB01238,P28223
DB00628,O14764
DB01238,P20309
DB00114,P20132
DB14583,P04150
DB09079,P16234
DB01364,P23975
DB01623,P21728
DB09074,Q9Y6F1
DB00132,Q96RI1
DB00312,O15399
DB11817,Q14289
DB14488,P00450
DB09238,O60840
DB06603,Q9BY41
DB12010,P12931
DB00569,P00742
DB12010,Q9UHD2
DB00321,P08912
DB15035,P42681
DB00200,O60494
DB00313,Q9UKV0
DB01593,Q0VD83
DB14533,Q06481
DB00132,Q03181
DB11633,P51787
DB14481,P22676
DB00835,P08172
DB02789,O75469
DB01240,Q9H244
DB06789,P06401
DB00845,P37231
DB01189,P78334
DB00273,Q9NY46
DB01019,P11229
DB11235,P08173
DB01419,P23219
DB00849,Q13002
DB00401,P54289
DB00228,Q8TAE7
DB06782,P05067
DB00865,Q05940
DB00945,Q8TD08
DB00996,Q00975
DB11093,P04271
DB01427,P01375
DB00628,Q99928
DB00570,P07437
DB00284,P04746
DB11823,Q12879
DB00628,P34903
DB00653,P54284
DB00780,Q16853
DB00502,P28223
DB01403,P21918
DB09079,P17948
DB11994,Q9HB55
DB01588,P47870
DB00540,P35368
DB01156,P32297
DB00289,P23975
DB00266,P15559
DB14533,P68104
DB01200,P18089
DB00304,P06401
DB00153,Q01668
DB00572,P11229
DB09130,P62937
DB14539,P80365
DB01370,P02787
DB04272,P07741
DB01022,P02818
DB01593,P46663
DB00726,P46098
DB08910,P35354
DB00395,P34903
DB14533,P29034
DB00532,O75469
DB01296,P14780
DB09389,P10275
DB00755,Q16654
DB01132,P27338
DB00663,P04150
DB00189,P14867
DB00825,Q02641
DB01021,P55017
DB01359,P07550
DB06230,P35372
DB00951,P05177
DB14487,P35527
DB00334,P28222
DB00199,Q12809
DB00203,P18545
DB01228,Q14524
DB00836,Q14994
DB01119,P05023
DB12010,P51955
DB08896,P21802
DB14185,P35348
DB00237,P43681
DB01005,P23921
DB11274,P21728
DB01110,Q9BQ31
DB09130,P01042
DB01238,P21918
DB00411,P20309
DB00114,Q8N5Z0
DB01593,P02533
DB13955,Q92731
DB00659,O14764
DB00776,P35498
DB00543,P18507
DB00715,P08912
DB01203,P07550
DB09097,P21728
DB13943,P08235
DB01151,P23975
DB01189,Q09470
DB14488,Q9GZT9
DB00243,Q99250
DB00306,P31644
DB12010,Q04912
DB14487,P45381
DB09130,P23560
DB09212,P23219
DB01236,P23415
DB14539,P14060
DB00142,Q9UDR5
DB06637,P16389
DB00642,P22102
DB00776,Q15858
DB01118,P37231
DB14533,P81605
DB00122,Q8TCT1
DB04930,P35498
DB00776,Q07699
DB00134,Q9H2M3
DB06702,P08912
DB01591,P20309
DB00523,P48443
DB00228,Q9H3M0
DB01068,P47869
DB00126,Q96KS0
DB00715,P18089
DB04846,P08913
DB00334,P50406
DB12010,O00329
DB12010,P54764
DB09130,Q06323
DB01194,P22748
DB00454,P23141
DB09213,Q07869
DB00825,O60840
DB01110,Q13303
DB03904,P05089
DB00243,P54284
DB11348,Q9UBV8
DB06637,P17658
DB00312,P18505
DB00252,P35498
DB00755,P02753
DB00159,P23219
DB06262,P07550
DB00237,Q13002
DB04844,P14416
DB00280,P20309
DB01236,Q8N1C3
DB00605,P35354
DB00899,P41143
DB01194,P07451
DB00523,P13631
DB09118,P34903
DB00964,P08913
DB12267,Q9UM73
DB00589,P41595
DB14533,O14556
DB01956,P47870
DB00200,Q8IVH4
DB01110,Q03721
DB00568,Q01668
DB00201,P54750
DB00328,P35354
DB11859,Q16445
DB05015,Q92769
DB01595,P18507
DB00163,P09917
DB00175,P04035
DB01118,Q9H252
DB03147,P09622
DB14488,Q969S2
DB13955,P62508
DB14006,Q9Y5K3
DB00572,P08912
DB09205,P35368
DB00206,Q05940
DB01110,Q9H3M0
DB01069,P08913
DB12010,P23458
DB00433,P25100
DB06151,O15399
DB09079,P35916
DB00659,P28472
DB06700,P31645
DB00628,P18507
DB00228,Q9UQ05
DB12010,P21709
DB00193,Q14957
DB00508,P11229
DB00682,O75469
DB00836,P41145
DB00829,Q9UN88
DB01235,P21917
DB09068,P34969
DB00715,P18825
DB01236,P14867
DB00252,P47870
DB00387,P08172
DB00173,O00763
DB06713,P06401
DB00959,P04150
DB12010,P54760
DB12010,Q13153
DB13872,Q16445
DB15035,P42685
DB00474,P14867
DB00228,Q9UBN1
DB01338,P20309
DB00583,P05164
DB00243,Q9Y5Y9
DB00228,Q9UN88
DB09090,Q13698
DB14490,P69905
DB00477,P17405
DB00169,P11473
DB00318,P41145
DB01159,P59768
DB00248,P21918
DB13872,Q8N1C3
DB09130,P02656
DB00313,Q01118
DB14533,P25713
DB03147,Q96RQ9
DB01593,P13647
DB01579,P35368
DB00612,P08588
DB12404,Q99928
DB00228,P15382
DB00252,Q13936
DB00801,P28472
DB01211,Q9NPD5
DB00318,P35372
DB00628,P31644
DB01151,P17405
DB01250,P01579
DB00986,P08172
DB00279,P10828
DB00907,Q8IWT1
DB09118,Q8N1C3
DB14487,P69905
DB06637,P22460
DB00924,P34969
DB00371,Q99928
DB09130,P27169
DB13954,Q15596
DB00243,Q14500
DB00237,P28472
DB01110,Q96L42
DB00575,P18825
DB01275,Q16665
DB09462,P84077
DB00761,Q13621
DB04540,Q9ULY5
DB00801,O14764
DB00334,P21918
DB01133,Q15904
DB13956,Q14457
DB01593,Q06481
DB14533,P01023
DB00898,P30532
DB00925,P25100
DB04920,O60840
DB02659,P20674
DB08899,P10275
DB01234,O75469
DB00312,P42262
DB06148,Q01959
DB00391,P35462
DB01236,P18505
DB00806,P21589
DB04841,O95180
DB14006,P36544
DB01262,Q9Y6K1
DB00547,P04150
DB00130,P17812
DB00843,Q12879
DB00458,Q01959
DB00736,P20648
DB11619,P06401
DB01104,P23975
DB01708,P47869
DB00683,Q16445
DB12404,P18507
DB01014,P09917
DB01238,P35348
DB01028,P28472
DB01017,P14780
DB00818,P28472
DB04272,P15121
DB00197,P09211
DB00193,P18825
DB00228,Q02641
DB13955,P03372
DB01251,Q09428
DB01113,Q9Y233
DB01069,Q99571
DB00715,A5X5Y0
DB00193,P25103
DB00228,P22459
DB00661,P31645
DB01170,P23975
DB09074,Q9UGN5
DB00162,O95237
DB01186,P08913
DB01151,P18089
DB00363,P46098
DB15035,P04626
DB00583,Q9UKG9
DB12500,O60674
DB06148,P28335
DB01595,P35498
DB01107,P18507
DB01618,P11229
DB12010,O95835
DB01028,P23415
DB14533,P01042
DB00753,P30049
DB00381,P00915
DB00433,P35348
DB00310,Q13621
DB00182,P13945
DB13751,Q00653
DB12010,Q13237
DB00177,P30556
DB06694,P25100
DB00514,P14598
DB00768,P25021
DB14001,Q86XP1
DB00703,P22748
DB06176,Q13547
DB00924,P28335
DB01623,P28223
DB00755,O43174
DB00391,P00918
DB00321,Q99720
DB00843,P19838
DB01236,P28472
DB00308,Q9H252
DB11348,P80303
DB00898,A5X5Y0
DB00170,Q9BQB6
DB14533,P04731
DB00273,Q15878
DB00284,P10253
DB00323,P21964
DB00810,P11229
DB00589,P28223
DB00540,P35348
DB14006,Q13393
DB00373,P08588
DB00411,P22303
DB09085,Q9Y5Y9
DB01174,O15399
DB01174,Q05586
DB00467,P11388
DB00898,Q8WXA8
DB00193,P31645
DB01392,Q14654
DB05541,Q8IWT1
DB01403,P08172
DB12010,Q02779
DB00184,Q15822
DB05381,Q05940
DB08901,P11274
DB11348,Q96L12
DB14533,P0C0L5
DB00162,P41222
DB09079,P06239
DB01620,Q14994
DB00599,Q13002
DB00293,Q05932
DB09167,P18825
DB04855,Q12809
DB01956,Q8N1C3
DB00563,P04818
DB06701,P23975
DB00241,P18505
DB09149,P05067
DB00751,P08913
DB12267,P08581
DB06589,P22607
DB00842,P47870
DB00284,O43451
DB00268,P08913
DB04843,P11229
DB09071,P48039
DB06595,P36888
DB00975,P02763
DB01026,Q14994
DB01156,P46098
DB00773,P11388
DB01579,P35348
DB00897,P34903
DB14845,P23458
DB00695,P00918
DB00191,P27338
DB00228,Q8NCM2
DB11273,P25100
DB00753,Q09470
DB01392,P28221
DB01437,Q8N1C3
DB01591,P08172
DB00371,P34903
DB00289,Q12879
DB00187,P08588
DB01221,P35372
DB14490,Q9NZD4
DB08860,P20701
DB12010,P07711
DB01217,P11511
DB00201,Q14432
DB01593,Q14624
DB14509,P42263
DB00813,P41143
DB03128,P22303
DB00477,P11229
DB00849,P31644
DB04272,Q9HB21
DB11817,P52333
DB14185,P28335
DB00457,P25100
DB01593,P05546
DB03796,P09466
DB00114,O95470
DB00715,P41595
DB01068,O75469
DB00543,Q8N1C3
DB13155,P10275
DB01233,P14416
DB00967,P35367
DB00623,P14416
DB14487,P01019
DB14500,P05023
DB12010,P06213
DB09089,Q12791
DB09089,Q92952
DB02530,Q9UBS5
DB09089,P08173
DB01224,P25100
DB00801,P14867
DB01189,Q16445
DB08880,Q02127
DB02266,P10275
DB01069,P08172
DB14487,P56524
DB01069,P56696
DB00502,Q99705
DB01238,P18825
DB11278,P13945
DB00647,P23141
DB11633,Q14654
DB00659,Q8N1C3
DB00768,P23297
DB01100,P14416
DB12010,P48736
DB00189,Q16445
DB00540,P25100
DB09167,P18089
DB01401,P23219
DB00273,Q15858
DB00809,P08172
DB01592,P02794
DB01238,P21917
DB09130,P36955
DB01440,P18505
DB01587,O14764
DB00327,P41143
DB05015,Q8WUI4
DB01069,P22001
DB00898,P48544
DB01221,P14416
DB00945,P25963
DB00295,P41143
DB01351,P34903
DB00477,P08908
DB12010,Q9UKI8
DB00268,P14416
DB00557,P35367
DB00243,P48050
DB00143,P09211
DB00483,Q15822
DB00819,P07451
DB13955,Q15596
DB00091,Q96LZ3
DB14185,P18825
DB01956,P18505
DB00726,P08588
DB00306,P48169
DB00184,P32297
DB01395,P08235
DB04876,P27487
DB00289,Q8TCU5
DB14481,O75340
DB01238,P08588
DB01593,P09874
DB14481,Q9UBV8
DB12010,Q99759
DB12267,P00519
DB00142,P48507
DB03756,P37231
DB00555,Q9NY46
DB00915,P32297
DB00514,P30926
DB01080,P80404
DB00945,O43741
DB00936,P23219
DB00655,P10275
DB01656,P27815
DB01084,P35367
DB00747,P08172
DB11994,P10635
DB00246,P08173
DB00402,P34903
DB00523,P10826
DB01162,Q9NS40
DB01136,P63252
DB00214,P55011
DB00683,P34903
DB00909,P00915
DB00162,Q96NR8
DB00201,P42336
DB00945,Q13164
DB00342,P08173
DB14481,Q9ULB1
DB00342,P08912
DB00142,P54687
DB00751,P35367
DB00142,O95954
DB12010,O43293
DB05260,P21281
DB01159,Q16720
DB09089,O95180
DB00143,Q16873
DB09130,P15880
DB09130,P18669
DB04946,P35348
DB11952,P48736
DB00121,P05166
DB09195,P08913
DB01032,Q96RD7
DB09123,P10275
DB12537,Q9UN88
DB01618,P28223
DB01159,P18505
DB04272,Q9BY32
DB01224,P35462
DB00246,P20309
DB00657,P43681
DB15617,Q9UP52
DB00568,O43497
DB14533,Q14624
DB06148,P31645
DB00543,P21917
DB00726,P31645
DB00940,P08173
DB00344,P23975
DB01016,O95342
DB00606,P07451
DB06777,Q8TDU6
DB00818,P31644
DB11633,P22460
DB00514,Q99720
DB09130,P23415
DB01593,P02743
DB00197,P62508
DB00696,P35348
DB00599,P31644
DB00273,Q99250
DB00777,P20309
DB00115,Q8IVH4
DB00890,P03372
DB00481,P50453
DB09130,P51884
DB14533,P02671
DB00783,Q92731
DB09078,P22455
DB00148,P06732
DB01041,P35354
DB00216,P08908
DB00849,O75469
DB01069,Q9NSA2
DB01544,P14867
DB12010,Q99640
DB01195,P35499
DB08875,P35968
DB09130,P15531
DB12010,P51957
DB14487,Q9BY41
DB01624,P21728
DB00514,P15153
DB00935,P08913
DB06441,Q9H244
DB06706,P35348
DB00929,P35408
DB09270,P31040
DB01006,P11511
DB01189,P47870
DB01088,Q08499
DB01593,P00748
DB06800,P35372
DB00302,P00747
DB14754,Q01959
DB09472,P00915
DB03310,Q8TED1
DB00228,P18505
DB00145,Q9P0Z9
DB00418,Q14957
DB00988,P31645
DB00186,P18507
DB00014,P22888
DB14533,P29372
DB00628,P18505
DB00266,Q08257
DB14507,P42263
DB11633,Q13936
DB09481,Q8TCU5
DB00795,P23219
DB00201,Q13370
DB00228,O14983
DB06228,P00742
DB01588,P34903
DB00349,P78334
DB06813,P04818
DB00981,P22303
DB01189,P18507
DB00659,Q8TCU5
DB14533,O15350
DB06176,P56524
DB01238,P08913
DB06151,O14920
DB00596,P04150
DB01624,P14416
DB01236,Q99928
DB00477,P28223
DB00898,P23415
DB14487,P81605
DB01133,Q8NEY4
DB00715,P28222
DB00368,P35368
DB13944,P10275
DB14487,P20851
DB06780,P08235
DB00540,P20309
DB01224,P21917
DB00490,P08908
DB01588,P28472
DB13800,P31415
DB01351,P48169
DB02659,P15954
DB09238,Q13698
DB09517,P68871
DB00619,P07333
DB00153,Q9P0X4
DB11186,Q9UQD0
DB01593,P02747
DB14488,Q9BY41
DB00364,P02675
DB09481,O60391
DB11642,Q12809
DB00753,Q8N1C3
DB11901,P18507
DB00193,Q12879
DB00755,O60760
DB00237,P17787
DB00434,P34969
DB00653,Q01668
DB00783,O75469
DB01593,P08700
DB00907,O60939
DB12147,P22455
DB01365,P35368
DB11672,P16152
DB01558,P14867
DB00555,P14867
DB00502,P18089
DB00783,Q99527
DB11186,P35499
DB11560,Q96S37
DB01069,Q8TDN1
DB01110,Q96PR1
DB00683,P78334
DB12147,P09619
DB00143,P14780
DB00619,P09619
DB12537,P18507
DB11273,P18825
DB00934,P18825
DB11760,Q9UGN5
DB01036,P08172
DB01216,P18405
DB12010,Q9P289
DB01010,P22303
DB00237,P32297
DB00939,P35354
DB01262,P26358
DB14490,P06746
DB00924,O00206
DB00050,P22888
DB01221,P41595
DB14487,P15924
DB00173,P07741
DB00811,P12268
DB14487,P29372
DB00331,Q16134
DB00203,O76074
DB00477,Q12809
DB01370,P06870
DB00819,P00915
DB01222,P04083
DB01611,Q9NR96
DB00431,P03372
DB11235,P08912
DB02701,Q9NXA8
DB12010,O14965
DB00703,P00918
DB13872,O14764
DB01159,O60391
DB00589,P34969
DB01587,Q8N1C3
DB00162,Q8NBN7
DB00143,P08684
DB11348,P35556
DB00939,P09917
DB06262,P25100
DB00661,P25100
DB00246,P50406
DB04837,P35367
DB01558,P48169
DB01018,P18089
DB00555,O14764
DB04838,P54289
DB11691,P41143
DB12010,Q9P0L2
DB11855,P08173
DB09236,Q02641
DB00457,P35348
DB01159,P48169
DB01437,P28472
DB03796,P08100
DB09130,Q06830
DB01151,P08172
DB01110,Q13936
DB01017,P53779
DB01028,Q99928
DB00162,O75911
DB09085,Q9UQD0
DB01593,P04004
DB00182,P27338
DB00221,P08588
DB11859,P14867
DB11817,P23458
DB01189,P98194
DB00321,P41143
DB01438,P35498
DB00228,Q13698
DB12010,Q00537
DB01589,Q16445
DB00454,P08912
DB05294,P07949
DB00210,P17174
DB01189,P20020
DB00898,Q70Z44
DB01593,P06702
DB04855,P18089
DB06725,P35354
DB00945,P54646
DB01224,P18825
DB06718,P10275
DB00898,P47869
DB00159,Q8NER1
DB00780,Q8TD30
DB00376,P20309
DB01591,P11229
DB00834,O75469
DB00690,O14764
DB00861,P35354
DB01234,P04083
DB00316,P23219
DB00530,P00533
DB00439,P04035
DB00690,P18507
DB01169,P29590
DB00308,P54289
DB14517,P06870
DB01161,Q01959
DB00246,P18089
DB01577,P18825
DB12141,P36888
DB00248,P21728
DB14481,Q02818
DB01296,P01579
DB00454,P08172
DB09195,P18089
DB00530,O75469
DB00237,P48169
DB01267,P18089
DB12010,P09619
DB00690,Q99928
DB00523,P19793
DB00714,P08908
DB01017,Q13164
DB00364,P02671
DB00237,Q8N1C3
DB04825,Q9H1R3
DB15035,O60674
DB00142,P43004
DB01595,P48169
DB11093,P30626
DB04825,P0DP23
DB00223,P04150
DB00849,P42262
DB14649,O75469
DB00273,P00918
DB00153,O00305
DB01558,P18507
DB00825,Q13698
DB00977,P03372
DB06144,Q12809
DB01028,P18507
DB14533,P22792
DB12404,Q9UN88
DB00514,P04839
DB00434,P20309
DB00543,P08913
DB00606,Q16790
DB00458,P14416
DB00571,P28222
DB13955,P00846
DB06403,P24530
DB00328,P42330
DB00483,P08912
DB00241,P28472
DB00875,P11229
DB00555,Q15878
DB13956,O75469
DB11273,P07550
DB02546,Q9UBN7
DB00903,Q13621
DB09130,P04004
DB00182,P35368
DB00714,P28221
DB00228,Q12809
DB01110,O60840
DB00371,Q9UN88
DB14533,Q0VD83
DB00396,P03372
DB00761,Q9H2X9
DB01115,Q9UK17
DB01320,Q14524
DB00765,P07101
DB00934,P35368
DB00396,P06401
DB00273,P14867
DB12010,P08581
DB00677,P22303
DB00228,P47870
DB00367,P03372
DB01174,Q8TCU5
DB14487,P04731
DB00289,P31645
DB14487,P02751
DB00988,P21728
DB00934,P14416
DB00321,P28222
DB03147,P47989
DB00708,P35372
DB14490,P00450
DB00321,O43525
DB11842,P30556
DB01579,P23975
DB11921,P04150
DB00306,P78334
DB00545,P06276
DB01267,P08913
DB00988,O95264
DB11859,P47869
DB12010,P08631
DB00159,O60427
DB01956,Q9UN88
DB01115,Q08289
DB13956,P62508
DB01189,P30049
DB00475,P18507
DB00179,P09917
DB00540,P35367
DB12010,Q9H2G2
DB00589,P21728
DB04844,Q05940
DB01028,P34903
DB01158,P05023
DB01197,P14780
DB01595,O14764
DB00475,P18505
DB01577,P27338
DB12010,P51617
DB03147,Q12882
DB00313,P45954
DB00454,P08173
DB00197,Q07869
DB09130,P00739
DB00572,P20309
DB08329,P00918
DB14481,P41180
DB00942,P11229
DB00201,O60658
DB01110,O00305
DB08818,Q9BZV3
DB14002,P17252
DB01215,P34903
DB01221,P41145
DB00889,P46098
DB01041,P02763
DB00201,Q9NP56
DB03310,Q96SL4
DB00583,P50416
DB00668,P08588
DB01110,Q9ULD8
DB06603,Q9UKV0
DB00898,P32004
DB13954,P00846
DB05294,Q02763
DB00715,Q8WXA8
DB12010,P06239
DB00245,P23975
DB00182,Q05940
DB00248,P28221
DB08814,P35228
DB00142,Q9Y646
DB01593,P08779
DB01744,Q8NET8
DB01587,P18507
DB00819,Q9ULX7
DB01110,P48050
DB11901,P10275
DB01108,P14060
DB00237,Q16099
DB11348,P06703
DB03147,P16219
DB12147,P11362
DB12010,Q9C098
DB00555,P35367
DB01595,Q9UN88
DB01558,P78334
DB00477,P08913
DB01236,P98194
DB01708,Q13224
DB00486,P21554
DB01069,P51787
DB01267,P21728
DB00896,P04150
DB00934,P35348
DB00312,Q9UN88
DB08865,P08581
DB00201,P35913
DB12010,O15075
DB00477,Q9H3N8
DB12278,P35348
DB00143,P30711
DB05316,P28223
DB00555,P08913
DB00252,P78334
DB00193,P41145
DB12010,P29323
DB08901,P12931
DB01168,P21397
DB01107,P28472
DB00480,O14788
DB00491,O43451
DB00755,P00352
DB12010,Q05655
DB01592,Q96FI4
DB01110,P15382
DB00790,Q6FHJ7
DB11093,P27797
DB01011,P15538
DB00120,Q9NSD9
DB09212,P35354
DB14533,P08185
DB12130,Q9UM73
DB12010,P17948
DB01291,P07550
DB01151,P20309
DB00484,P18089
DB04272,P12724
DB00334,P13945
DB03796,O43617
DB00747,P17787
DB00120,P00439
DB06176,Q92769
DB01174,P42262
DB01189,P34903
DB01625,P20309
DB00408,P18825
DB00669,P28221
DB13952,P62508
DB12010,P52564
DB11837,P19099
DB00121,Q9HCC0
DB00120,Q9Y285
DB14533,O14791
DB09213,P12104
DB01068,P28472
DB00656,P28223
DB06401,Q92731
DB00118,P17707
DB01032,Q9NYV7
DB00292,P48169
DB00623,P0DP23
DB09089,O43497
DB00559,P24530
DB08906,P08235
DB00458,P31645
DB01708,P28472
DB00970,P11388
DB11348,P28676
DB01068,Q99928
DB00289,P48549
DB00402,P78334
DB01159,Q6W5P4
DB13867,P04150
DB01162,Q9H252
DB01956,O75311
DB00126,P19021
DB00801,P31644
DB00945,P04637
DB09130,P48637
DB12332,Q9Y6F1
DB12147,P21802
DB01028,P42261
DB00836,P35372
DB01238,Q05586
DB01069,Q14722
DB01054,Q01668
DB00441,P23921
DB01118,Q01668
DB13873,P37231
DB00842,Q99928
DB01068,P47870
DB11093,Q75N90
DB08896,P04049
DB00219,P11229
DB09068,P31645
DB00673,P25103
DB01241,Q9Y6L6
DB00363,P20309
DB00454,Q14957
DB06288,P28223
DB11644,P02766
DB00228,O43526
DB13158,P04150
DB01593,P00450
DB00237,P42263
DB12010,Q8IYT8
DB00313,Q9Y5Y9
DB09026,P00797
DB09130,P14866
DB00408,P23975
DB00555,P48169
DB12010,Q86UE8
DB03147,O95831
DB00368,P18089
DB00776,Q9UQD0
DB00237,P36544
DB01069,Q9NY46
DB11855,P08912
DB00549,Q9Y271
DB06148,P18089
DB00373,P07550
DB00418,P48169
DB01157,P00374
DB02659,P22830
DB12010,Q16832
DB12267,P04626
DB09089,P11229
DB00795,P24752
DB03756,Q07869
DB01593,P02746
DB09460,P22748
DB00555,P46098
DB00349,P48169
DB13953,P43681
DB03088,P80075
DB00468,O15554
DB01173,O15399
DB00502,P21728
DB01593,Q13547
DB11348,Q02818
DB01409,P08173
DB00170,P00734
DB00640,P29275
DB00292,P47870
DB00132,P32418
DB00114,P20711
DB01337,P20309
DB09130,P05109
DB00706,P35348
DB05015,Q9BY41
DB14487,P08700
DB01392,P78508
DB00413,P21917
DB01345,P05023
DB00777,P28335
DB01085,P08173
DB00153,O43497
DB00201,P27815
DB00461,P23219
DB01175,P31645
DB06589,Q08881
DB01209,P41145
DB00537,Q12809
DB00768,P80511
DB14001,Q13574
DB00434,P28335
DB00608,P09210
DB09130,P69905
DB00273,Q01668
DB11093,Q9ULB1
DB06701,P31645
DB13346,Q9UBN7
DB00648,P15538
DB09205,P18825
DB01133,P61421
DB13166,P12821
DB00228,Q13224
DB00818,P78334
DB12010,O75747
DB00907,Q9NY72
DB00280,Q9UK17
DB11186,Q99720
DB04574,P03372
DB01108,Q92731
DB00397,P21728
DB01186,P28335
DB12141,A5X5Y0
DB00243,Q15858
DB09462,P17050
DB14481,P13693
DB01698,P16152
DB14487,P25713
DB00909,Q14524
DB01063,P14416
DB01437,P48169
DB01364,P08588
DB04821,P21397
DB00201,O76074
DB00381,Q13936
DB09092,Q02218
DB13873,O75469
DB09256,P04818
DB11348,P0DP23
DB09130,P11021
DB01440,Q9HAB3
DB00275,P30556
DB00670,P11229
DB00483,P22303
DB00246,P08908
DB00237,Q15822
DB00690,P28472
DB15617,P69905
DB09130,P23526
DB13872,P31644
DB00458,P11229
DB00228,Q01668
DB00142,P08243
DB00297,Q9Y5Y9
DB12147,P07333
DB00252,P28472
DB01708,O14764
DB11186,Q99250
DB03088,Q9UKQ2
DB14507,O14732
DB13956,P43681
DB00248,P18089
DB11093,Q15493
DB01576,Q01959
DB05541,P35499
DB00608,P09488
DB11157,Q9UQF2
DB14649,P04150
DB00114,Q9HD40
DB00374,Q9H244
DB09130,P01024
DB00677,P02787
DB00247,P28335
DB11278,P07550
DB00437,P47989
DB00213,O94760
DB14487,O15304
DB09209,P35372
DB00669,P08908
DB00142,O15399
DB01392,P14416
DB03310,P10620
DB00201,P42338
DB00142,Q8TCU5
DB01174,Q12879
DB01068,O14764
DB09078,P22607
DB12404,P78334
DB00237,P48058
DB00615,P14625
DB00241,Q8N1C3
DB00975,P53805
DB00153,Q06432
DB00252,Q8N1C3
DB00186,P48169
DB09130,P48723
DB06710,P03372
DB00221,P07550
DB09095,P04150
DB02546,Q13547
DB00523,Q6V0L0
DB00312,Q12879
DB01069,P22460
DB01026,P08686
DB00543,P31644
DB00186,Q8N1C3
DB01069,P47900
DB08896,P11362
DB00517,P08172
DB00734,P21728
DB05015,Q96DB2
DB15598,P49281
DB14001,P52429
DB01268,P09619
DB01159,P48549
DB01624,P28223
DB00584,P12821
DB01708,O15399
DB04946,P21728
DB14533,P16455
DB04854,P47989
DB00393,Q02641
DB01593,P56524
DB00252,O60840
DB00313,Q02218
DB00244,P37231
DB00273,Q9UI33
DB01085,P11229
DB00424,P20309
DB00397,P08588
DB09130,P02765
DB00393,O00305
DB01656,Q08499
DB01110,Q9UNX9
DB08872,P54289
DB04272,P12931
DB09130,P15814
DB00342,P20309
DB00182,Q01959
DB00153,Q13698
DB03310,P07203
DB12010,Q9UF33
DB01105,P31645
DB00777,P08912
DB01136,P19320
DB12010,P42679
DB00492,P12821
DB13751,P42574
DB00690,P78334
DB00143,Q04760
DB00320,P28221
DB11186,Q9UI33
DB00343,Q13936
DB12010,Q13233
DB13720,P20309
DB00114,P17735
DB00755,P19793
DB00659,Q14957
DB03756,P48443
DB00126,Q8IVL6
DB00200,Q99707
DB00142,P15104
DB00532,Q14524
DB03310,P00390
DB00143,O75715
DB00268,P35368
DB00514,P41145
DB01236,P42261
DB13955,Q14457
DB00434,P28223
DB01593,P08185
DB01023,P63316
DB13872,P48169
DB00477,P34969
DB01169,P31749
DB01418,Q9BQB6
DB00433,P18089
DB00313,Q07869
DB00798,P98164
DB00843,Q14957
DB01708,Q92731
DB00458,P35367
DB09068,P28222
DB06637,P22459
DB00153,Q9UBN1
DB00201,P29275
DB00349,Q9UN88
DB06605,P00742
DB03193,Q07869
DB00119,O15403
DB00747,P43681
DB00142,Q16478
DB00915,P43681
DB04573,P03372
DB12010,Q13164
DB00114,Q6YP21
DB00122,P36544
DB00659,P18505
DB00555,Q14524
DB00402,Q16445
DB05246,O43497
DB00121,O00763
DB08893,P13945
DB06751,P27815
DB01069,P35368
DB09089,Q16558
DB13139,P07550
DB00228,P48547
DB11273,A5X5Y0
DB00830,Q01959
DB03310,P21266
DB00659,Q13224
DB00182,P18825
DB03756,P36956
DB08883,P42261
DB09130,P43652
DB09330,P00533
DB13520,Q99250
DB00363,P18825
DB14517,P05023
DB06626,P35916
DB01359,P08588
DB08814,P23219
DB00189,P47869
DB00964,P18089
DB01028,P18505
DB00844,P41143
DB14185,P46098
DB03310,P09210
DB01708,O60391
DB00722,P00797
DB12010,Q8NI60
DB00246,P35367
DB13952,P37059
DB12010,Q14164
DB01214,P07550
DB00898,O14764
DB11235,P11229
DB00366,P08173
DB01068,P18507
DB00536,P05091
DB01593,P15531
DB00321,P08913
DB00604,Q12809
DB00246,P28222
DB00398,P15056
DB09092,P40926
DB00598,P35368
DB01183,P03372
DB00801,P48169
DB14533,P27169
DB14481,P62166
DB01236,O14764
DB00398,P36888
DB00831,P26447
DB01587,P47870
DB13953,Q15596
DB00925,P0DP23
DB00753,P47869
DB01156,P23975
DB00163,P67775
DB09118,P00338
DB00180,P04150
DB00193,Q99250
DB00842,O14764
DB00312,P47870
DB09130,P06744
DB00898,Q8TCU5
DB01593,P22792
DB00935,P25100
DB00273,P07451
DB00524,P55017
DB00244,P05164
DB01115,Q9P0X4
DB01023,O95180
DB00606,P54710
DB01114,Q01959
DB01136,P25100
DB12010,P80192
DB00653,Q13698
DB03310,P46439
DB00715,P08908
DB00206,O15392
DB00692,P35348
DB14487,P07237
DB00244,P35354
DB01365,P08913
DB00753,P48169
DB03310,P09211
DB12010,Q9NYY3
DB01283,P23219
DB00159,P35354
DB00321,P35348
DB00312,P48169
DB00513,P00747
DB00408,P21728
DB09118,P28472
DB00537,P11388
DB09236,P54284
DB01021,P05023
DB00321,P25100
DB00683,P18505
DB01028,P47870
DB01544,Q16445
DB00306,Q13002
DB00145,P50440
DB01110,Q92952
DB00834,P04150
DB06766,P35367
DB12010,Q15746
DB00346,P35348
DB01166,Q14432
DB12010,O96013
DB14490,Q9BY41
DB00246,P35462
DB06706,Q05940
DB01069,Q99250
DB00247,P28222
DB09130,P13645
DB01130,P04150
DB00805,P11229
DB00897,O14764
DB00555,Q9UQD0
DB09270,P56181
DB01593,P46736
DB01273,P36544
DB01117,Q02127
DB01589,O14764
DB08604,O75469
DB09089,Q01668
DB01224,P35368
DB00789,P52209
DB08818,Q07021
DB12010,Q9H2X6
DB00825,O75762
DB13946,P08235
DB00354,P35367
DB00270,P54289
DB01406,P10275
DB04846,P08588
DB00588,P04150
DB00494,P21964
DB00372,P14416
DB00696,P25100
DB11901,P34903
DB00143,Q16772
DB14533,P07237
DB00559,P25101
DB00875,P14416
DB09130,Q969S2
DB01108,P03372
DB01593,P10909
DB06148,P35368
DB14533,P04637
DB01267,P08908
DB00119,P80404
DB09085,Q92736
DB06684,P08908
DB04843,P20309
DB00189,P31644
DB15035,P51813
DB00371,P47869
DB01026,P10275
DB02659,P04054
DB11718,P15056
DB00363,P09211
DB12404,P47869
DB00201,Q08493
DB14487,P02647
DB06262,P18089
DB11348,P04271
DB00774,Q16790
DB00805,P21728
DB00454,P41145
DB00243,O00305
DB00349,P28472
DB00248,P28335
DB01097,Q14289
DB09272,P35372
DB00805,P31645
DB01211,Q12809
DB00952,P28222
DB01173,Q05586
DB01174,P43681
DB01544,P34903
DB00363,P14416
DB00490,P21917
DB00726,P23975
DB14487,P03952
DB12010,P06241
DB00795,P09917
DB00615,P07900
DB01175,P18089
DB01175,P08913
DB00358,P29274
DB00726,P08913
DB09130,P62807
DB00228,P28472
DB01068,P14867
DB01107,Q99928
DB00825,P41145
DB00980,P49286
DB08918,P23975
DB01544,Q99928
DB01173,Q9Y5Y9
DB00945,P54619
DB00951,P10632
DB00126,P09172
DB00753,P28472
DB11186,P35372
DB08896,P00519
DB00774,P00918
DB01260,P04150
DB00353,P21728
DB00776,Q9Y5Y9
DB12010,Q15569
DB02546,Q9BY41
DB06781,P04150
DB01069,Q01118
DB00246,P47898
DB12010,P54619
DB00376,P11229
DB00163,P05771
DB00182,Q16568
DB01238,P08912
DB14487,Q0VD83
DB00716,P07900
DB03147,P11310
DB00514,P35372
DB01267,P14416
DB00454,P23975
DB12364,P00742
DB00114,P19113
DB00289,Q14957
DB15035,P09769
DB00659,P48169
DB01118,P10827
DB00543,P78334
DB01337,P08172
DB12010,Q16620
DB00454,Q12879
DB01115,P0DP23
DB09085,Q15858
DB00600,P14679
DB00862,O76074
DB00193,Q8NER1
DB06148,P25100
DB09078,P21802
DB00543,P35348
DB01016,Q8TD43
DB01069,P43657
DB01587,P78334
DB00642,P00374
DB00543,P28335
DB00572,P17787
DB12537,P14867
DB04824,Q14994
DB00145,P48637
DB00119,O15374
DB12141,P28222
DB01017,P35228
DB01956,P14867
DB00836,O00555
DB01088,Q07343
DB01353,P31644
DB00784,P23219
DB09091,P04150
DB11273,P28223
DB00273,Q13936
DB09130,P02649
DB01151,P08912
DB01159,P31644
DB00907,Q15858
DB01588,Q8N1C3
DB14487,P49411
DB00934,P25100
DB00647,P41143
DB00142,P48506
DB01118,Q13936
DB00543,P28222
DB01085,P08172
DB01001,P08588
DB00248,P07550
DB01393,Q07869
DB00118,Q00266
DB00193,P20309
DB00121,P05165
DB00334,P07550
DB09130,P35858
DB00555,P18505
DB00142,O15067
DB11901,P47870
DB00371,P78334
DB00142,P07814
DB00293,P04818
DB00142,Q6IA69
DB06699,P30968
DB00143,P35754
DB09205,P08913
DB12010,P54756
DB09291,P25103
DB01118,P08588
DB01069,P25021
DB00448,P20648
DB14185,P50406
DB00496,P08173
DB00768,P29034
DB01589,P47869
DB00211,P25100
DB14488,P39748
DB00120,P07101
DB02659,P24311
DB00363,P35367
DB06702,P08173
DB00555,P28472
DB12010,P14616
DB00934,P28223
DB00897,P48169
DB00543,P28223
DB02659,P00414
DB00332,P11229
DB00898,Q16445
DB08949,P49019
DB09477,P12821
DB09236,O60840
DB00543,P48169
DB04920,Q13936
DB00139,P51649
DB00201,Q01064
DB00401,Q01668
DB09068,P23975
DB00769,P04150
DB00235,Q14432
DB01057,P06276
DB01353,P43681
DB00349,P34903
DB00228,Q8TDN1
DB08918,P31645
DB00292,O14764
DB00733,P22303
DB11278,P18825
DB00960,P28222
DB14001,P52824
DB01019,P08173
DB14533,P06733
DB00938,P07550
DB00753,Q99928
DB01593,P14780
DB09242,P08913
DB00145,Q14749
DB01339,Q15822
DB02659,P62508
DB01708,Q05586
DB06249,Q92731
DB00304,P03372
DB01403,P08913
DB14533,P01024
DB00928,P26358
DB12010,O96017
DB05271,P21917
DB00829,P34903
DB00543,P08912
DB08801,P35367
DB09477,P46663
DB09130,P22626
DB01221,P11229
DB00715,P35367
DB00273,Q13698
DB00543,Q16445
DB00604,P46098
DB00924,P23975
DB00782,P11229
DB15102,P22455
DB00564,Q9UQD0
DB01600,P23219
DB01062,P08172
DB06756,P10415
DB00130,Q06203
DB08896,P15056
DB00246,P28223
DB14006,O14939
DB01238,P41143
DB00898,P42262
DB00898,P42263
DB11363,Q9UM73
DB00775,P05106
DB00540,P28223
DB14533,P02751
DB01065,P11678
DB00252,Q07699
DB09130,P05543
DB00193,O15399
DB01403,P21917
DB00573,P37231
DB01068,P31644
DB00243,Q14524
DB00331,Q9Y478
DB00761,P55011
DB00228,P48169
DB00412,Q07869
DB00734,P35348
DB00252,O75469
DB01544,P48169
DB00228,P51787
DB02925,Q13621
DB00370,P35348
DB00228,Q09470
DB01069,Q14721
DB00687,P08235
DB01698,P42330
DB00907,Q9NY46
DB00241,P14867
DB12267,P08069
DB06777,P52895
DB13952,P00846
DB14533,P04004
DB00675,P41743
DB00338,P35869
DB00228,P22001
DB01036,P20309
DB00724,Q9NYK1
DB00545,P22303
DB00907,Q99250
DB13269,Q8IWT1
DB00690,Q16445
DB00683,O14764
DB00408,P08588
DB00276,P02763
DB09481,Q05586
DB01407,P01375
DB01106,O95665
DB01956,Q13224
DB09076,P20309
DB01956,P47869
DB01056,Q14524
DB01351,P31644
DB00321,P20309
DB00668,P35348
DB00201,O00329
DB00661,O00555
DB01224,P35348
DB09167,P28223
DB00842,P18507
DB01028,P14867
DB01576,P35348
DB06777,O75469
DB09130,P37840
DB01151,P11229
DB11219,P10275
DB12010,Q8N5S9
DB00434,P35367
DB00363,P08912
DB12010,O94804
DB14507,P49841
DB00899,P41145
DB01113,Q07343
DB00334,P28223
DB14487,P05109
DB00776,Q9NY72
DB14487,P51693
DB09130,P32119
DB00228,P31644
DB09481,Q13224
DB00554,P23219
DB14006,P22303
DB01392,P41595
DB09130,P02750
DB00818,Q8N1C3
DB01127,O75469
DB01577,Q01959
DB01200,P08908
DB00408,P50406
DB01303,Q92769
DB01198,P31644
DB00543,P08173
DB12010,Q96Q40
DB01392,P28223
DB12537,Q16445
DB01437,Q9UN88
DB00938,P08588
DB00509,P10828
DB01028,P03886
DB00734,P28223
DB12010,Q9H4B4
DB00288,P04083
DB00433,P08913
DB00454,P31645
DB00659,O60391
DB00449,P35348
DB12010,Q9NWZ3
DB00193,Q05586
DB00907,P11229
DB00334,P20309
DB00774,P05023
DB00543,Q9UN88
DB01428,P03372
DB00368,P00439
DB06262,P13945
DB01427,P27815
DB00756,P03372
DB01189,P18505
DB13872,P28472
DB08818,Q8WWQ8
DB00905,P43115
DB00153,P11473
DB00142,P00505
DB08901,P22607
DB01593,P27169
DB02659,P13073
DB00728,Q15822
DB01053,Q8TCC7
DB01169,P38936
DB01238,P34969
DB00282,P55211
DB00228,O60359
DB00244,O15111
DB09130,P10809
DB00921,P41143
DB00715,P28335
DB00755,P28702
DB00475,P28472
DB00122,O14939
DB00458,P08908
DB01577,P31645
DB11348,P41180
DB00350,P23219
DB00655,P03372
DB14540,P04083
DB12010,Q9UGJ0
DB02546,O15379
DB11348,P31415
DB00659,P18507
DB01593,P01024
DB09167,P20309
DB14649,P51843
DB00734,P28335
DB00688,Q03393
DB14487,P02538
DB00897,P78334
DB00228,Q9Y6J6
DB00228,Q13303
DB00114,Q8TD30
DB06207,P35368
DB01114,P35367
DB01353,P42262
DB00898,Q92806
DB01428,P10275
DB01215,Q16445
DB12010,Q12852
DB06288,P35462
DB09068,P08588
DB00402,P47869
DB00951,P08684
DB00696,P14416
DB11186,Q15858
DB14669,P04083
DB00228,P47869
DB01159,O14764
DB01200,P35368
DB00357,P05108
DB14487,P15169
DB01592,P02786
DB00211,P35368
DB00715,P23975
DB01001,P07550
DB06691,P35367
DB08439,P35354
DB00897,Q8N1C3
DB09130,P01019
DB11730,P11802
DB01587,P31644
DB01110,Q9UQ05
DB12010,P04629
DB00237,Q15825
DB00175,Q92769
DB00799,P28702
DB00273,Q13003
DB01017,P27361
DB04898,P00734
DB00905,P43088
DB05541,Q9NY72
DB09085,Q99250
DB04930,O75469
DB08906,P04150
DB01041,P21802
DB00589,P18089
DB01087,P16083
DB01186,P35348
DB01110,Q9H2S1
DB00114,O15382
DB00978,P11388
DB08911,P36507
DB00940,P25021
DB00555,P29274
DB00334,P35462
DB00458,P35368
DB14649,P35228
DB01351,Q16445
DB01069,O43526
DB01110,Q16558
DB00248,P41595
DB00829,O14764
DB00246,P28335
DB00449,P07550
DB04846,P18089
DB01090,P30926
DB12010,Q92772
DB00313,P35498
DB01175,P28223
DB01016,O95477
DB00527,Q14524
DB00491,Q14697
DB01017,P53778
DB01122,P22303
DB01593,P06733
DB09195,P35367
DB00605,P15121
DB01200,P35462
DB01189,P31644
DB14541,P04083
DB01296,P01375
DB00292,P31644
DB00368,Q05940
DB04224,Q03181
DB00589,P21917
DB01221,P28223
DB00643,P68371
DB14487,P06727
DB01199,P46098
DB01189,O75185
DB00802,P35372
DB00366,P08912
DB00475,P48169
DB00162,P05090
DB06589,P10721
DB00114,Q16773
DB01189,P23415
DB00564,P35499
DB00985,P35367
DB01437,Q99928
DB00503,O75469
DB14001,O75912
DB11986,O60674
DB03619,Q8TDU6
DB00825,O00305
DB00493,Q16348
DB06694,P18089
DB01595,P18505
DB00751,P35348
DB00489,Q12809
DB00280,P11229
DB09118,P14867
DB01336,Q15822
DB08804,P10275
DB00197,P05121
DB00248,P35462
DB00552,P00813
DB04224,P37231
DB00163,P23743
DB11273,Q70Z44
DB01124,P48048
DB00805,P28223
DB01110,Q86W47
DB00142,P43005
DB00543,P21728
DB04657,P31040
DB00228,P23415
DB09049,P35372
DB00851,Q14181
DB06777,Q96RI1
DB01392,P28222
DB01600,P35354
DB00416,Q15822
DB11348,Q15493
DB01437,P47869
DB01136,P16860
DB04743,Q9NZK7
DB13501,P35354
DB00142,Q14831
DB12010,P19784
DB03310,O75715
DB01090,P32297
DB01069,P17658
DB15566,P04150
DB00143,P46439
DB14487,P16455
DB00898,P48051
DB00313,P51649
DB00541,P07437
DB01222,P04150
DB13955,O75469
DB09462,Q9NPH2
DB01427,Q14432
DB00228,O60840
DB11273,P08908
DB00863,P22303
DB12010,Q9NYL2
DB11791,P08581
DB00114,P13196
DB00292,P78334
DB00114,Q99259
DB00153,Q00975
DB00711,P09917
DB09089,O15554
DB00934,P34969
DB01054,Q13936
DB00370,P41145
DB01133,Q8N8Y2
DB01186,P08908
DB01267,P35348
DB00401,Q13698
DB00640,P30542
DB01203,P08588
DB01212,Q4U2R8
DB09130,P09525
DB08912,P57059
DB00371,P47870
DB06217,Q14524
DB00598,P25100
DB00981,P43681
DB01224,P34969
DB01164,Q99584
DB01195,Q12809
DB04574,Q92731
DB01577,Q05940
DB13872,P14867
DB01159,Q16445
DB00148,Q14353
DB00228,P17658
DB00753,P23415
DB03193,Q9UNK4
DB13800,P22676
DB12010,Q8TBX8
DB00723,P25100
DB01624,P21918
DB04855,Q02641
DB01026,P05093
DB01238,P21728
DB00652,Q99720
DB00628,P47870
DB01576,P08913
DB06589,P16234
DB00396,Q92731
DB01576,P18089
DB01238,P46098
DB14487,P14780
DB05015,Q9UQL6
DB01626,P21397
DB03310,P0CG30
DB08911,Q02750
DB01215,P18505
DB00393,Q13936
DB00934,P08172
DB06144,P28223
DB13269,Q9NY72
DB01017,Q15759
DB00627,Q15274
DB11619,P04150
DB01625,P08173
DB00366,P11229
DB00396,P41145
DB12010,P52333
DB04855,P18825
DB00334,P21917
DB00142,O14841
DB00418,Q16445
DB11273,Q8WXA8
DB01268,P16234
DB00408,P08172
DB04908,P28223
DB13257,Q9UP52
DB00777,P35348
DB01016,P50416
DB00252,Q9NY46
DB09118,P47869
DB00845,P22001
DB14533,P05546
DB00350,P00797
DB09213,P00750
DB01593,P60174
DB01236,P78334
DB01014,P35354
DB12010,Q9NRP7
DB00714,P21918
DB00252,Q02641
DB08896,Q15759
DB00197,O60488
DB04743,P02788
DB00374,Q03181
DB11186,Q12809
DB00960,P13945
DB14490,Q9GZT9
DB13751,P28845
DB12010,Q9UQM7
DB00593,O43497
DB00591,P07355
DB06148,P21918
DB01428,Q92731
DB00418,P43681
DB00898,P30926
DB00846,P04150
DB00909,O43570
DB06713,P02768
DB04743,P35354
DB08936,P35367
DB00909,P22748
DB00381,Q9P0X4
DB01593,P51693
DB11672,O15440
DB00313,Q9NY72
DB01028,Q9UN88
DB01023,Q08289
DB00640,P29274
DB13873,Q03181
DB01186,P21918
DB01392,Q15842
DB04821,P05164
DB01107,P47870
DB01392,P48048
DB00328,P14555
DB05541,Q99250
DB00835,P08912
DB00313,Q07699
DB00243,P08588
DB01216,P51857
DB00925,P07550
DB14487,P00450
DB00756,O14521
DB01136,P16581
DB00604,P28223
DB01162,P35368
DB00675,P10275
DB00285,P31645
DB12010,P42345
DB00142,Q05329
DB01593,P02671
DB00346,P35368
DB00184,P30926
DB00599,P42262
DB01590,P42345
DB01593,P07360
DB06603,O15379
DB09409,Q14957
DB11273,P13945
DB09118,P18507
DB00909,P27338
DB04838,P23141
DB04946,P08908
DB01132,P37231
DB01032,Q9NSA0
DB00502,P35462
DB13954,Q14457
DB00381,Q02641
DB00574,P08908
DB00543,P08908
DB04855,P32418
DB06148,P18825
DB01107,P47869
DB11079,P23219
DB00312,P43681
DB01104,P31645
DB00363,Q9H3N8
DB14487,P15531
DB06800,P41145
DB00142,P17174
DB00654,P43088
DB00394,P04150
DB00321,P04629
DB14481,P31415
DB01593,O15304
DB00630,P14324
DB00312,P36544
DB13867,P47712
DB00608,P09429
DB00913,P35372
DB00568,P08912
DB12010,O94768
DB01076,Q92769
DB01159,P47870
DB01406,P13500
DB04820,P21964
DB12371,P21453
DB01033,P00492
DB00996,P30542
DB00170,P02818
DB05271,P08908
DB01238,P41595
DB11995,Q8TCC7
DB00246,P28221
DB00637,P10636
DB00508,P14416
DB00659,P47869
DB00211,P35348
DB00804,P08172
DB01238,P07550
DB00801,Q99928
DB13872,P78334
DB00292,P18505
DB00341,P35367
DB00589,P18825
DB00316,Q15185
DB00734,P34969
DB01215,Q99928
DB00868,Q14524
DB01577,P18089
DB00734,P08908
DB00134,Q93088
DB12010,P00519
DB00952,P08908
DB00228,P14867
DB00555,Q8N1C3
DB01589,Q9UN88
DB01159,Q9NPC2
DB03147,P27338
DB00091,P30405
DB00583,O43772
DB01593,P01031
DB00842,P18505
DB00170,P15559
DB01407,P01138
DB00368,P08588
DB01017,P09917
DB00153,O60359
DB04855,Q9UK17
DB11823,O15399
DB00829,P18505
DB01197,P12821
DB01069,P15382
DB08901,P11362
DB01267,P21917
DB01351,P36544
DB14540,P04150
DB12010,Q02763
DB04908,P21917
DB01589,P34903
DB00898,Q14542
DB08814,P19838
DB00630,P23469
DB00715,P21728
DB01708,P18505
DB14575,Q99571
DB09409,O60391
DB00842,P14867
DB00218,P11388
DB01200,P28222
DB01595,P14867
DB00392,P08172
DB00555,Q99250
DB01593,P01042
DB00273,Q02641
DB00228,Q96PR1
DB00413,P08908
DB04839,P07288
DB12010,P54762
DB12010,Q15139
DB00315,P41595
DB11093,Q99584
DB00210,P19793
DB09128,P18825
DB00568,O60840
DB09130,Q99497
DB06288,P14416
DB01193,P08588
DB00349,P47870
DB01177,P11388
DB00748,P35367
DB01110,P29474
DB00774,P00915
DB02659,P23141
DB00540,P23975
DB00203,Q13956
DB00237,O14764
DB00399,O95749
DB01118,P13945
DB09130,P08865
DB00497,P35372
DB00363,P50406
DB06218,Q9Y5Y9
DB03796,Q07869
DB00543,P31645
DB11273,P35348
DB03147,P55789
DB00210,P48443
DB00626,P14735
DB01238,P08908
DB00200,P22033
DB00543,Q99928
DB01576,P25100
DB00247,P28223
DB12010,O00238
DB00322,P04818
DB00381,Q00975
DB12010,Q9BXA7
DB00554,P35354
DB00243,Q9UQD0
DB00898,P43681
DB11859,P34903
DB01118,P54284
DB14487,P10909
DB01133,O15342
DB00205,P07686
DB06626,P17948
DB00819,P22748
DB13873,Q07869
DB00455,P35367
DB00143,P19440
DB09130,Q0VD83
DB11273,P35368
DB00246,P34969
DB11901,Q16445
DB01069,Q8TAE7
DB00186,P47869
DB09213,P07359
DB08816,Q9H244
DB00898,P48549
DB01236,P47870
DB01337,Q15822
DB15035,Q08881
DB00292,P14867
DB00929,P43116
DB00401,Q08289
DB11186,Q9NY46
DB01110,Q8NCM2
DB00831,P14416
DB01014,P37231
DB00610,P35348
DB00143,Q9NS18
DB12010,P11362
DB01589,P47870
DB00823,P06401
DB00334,P14867
DB00565,Q15822
DB00489,P07550
DB13955,P43681
DB00306,O14764
DB01593,P35527
DB01110,Q92953
DB00210,P10826
DB01175,P35348
DB00834,P06401
DB01224,P20309
DB00715,P08172
DB01110,Q9NS40
DB06148,P28223
DB00335,P07550
DB06144,P25100
DB01110,Q8TDN2
DB12010,Q9Y4K4
DB01069,Q9Y6H6
DB01118,O60840
DB01069,Q9NS40
DB09167,P25100
DB09130,P07900
DB12010,Q96PY6
DB14487,O14556
DB00611,P41143
DB09089,P35372
DB00813,P08183
DB00143,P21266
DB00696,P08913
DB13952,Q99527
DB01069,Q9H252
DB11994,P24462
DB01174,Q13224
DB00313,Q99250
DB00334,P35367
DB01174,Q14957
DB06148,P35367
DB00747,P20309
DB11689,P36507
DB00523,P10276
DB00984,P10275
DB00228,Q9NS40
DB00513,P00750
DB01159,Q8N1C3
DB00491,P10253
DB12010,P54646
DB00418,P14867
DB00332,P20309
DB01403,P20309
DB11823,Q14957
DB09130,P26447
DB14185,P35462
DB00119,Q9BYV1
DB00574,P28221
DB00320,P28222
DB00784,P35354
DB00295,P41145
DB00825,Q8NET8
DB01577,P21397
DB00843,Q8TCU5
DB00170,P04070
DB00573,Q07869
DB01588,P48169
DB00142,O94925
DB00398,P35968
DB00804,P11229
DB01110,O43526
DB09272,P41145
DB14487,P01023
DB01081,P35372
DB05260,P31350
DB01593,P02751
DB01136,O95298
DB00189,O14764
DB00849,P14867
DB01159,Q9UN88
DB01186,P14416
DB01589,P18507
DB00543,P35367
DB00545,P02768
DB00922,Q14654
DB00237,P47869
DB00181,O75899
DB14185,P34969
DB01107,Q8N1C3
DB09118,P47870
DB00376,P08172
DB01110,Q8TDN1
DB09130,P07437
DB00496,P08912
DB14481,P27797
DB01576,P35368
DB00726,P28335
DB01017,P01584
DB06204,P41143
DB01406,P30968
DB01016,O60706
DB00543,P35462
DB00917,P34995
DB00182,P07550
DB11979,P30968
DB00753,P42261
DB00418,P34903
DB09130,P60842
DB12010,P46734
DB00938,P13945
DB00683,P28472
DB00126,Q6NS38
DB00243,P35368
DB00945,P51812
DB00915,P36544
DB01224,P28335
DB09130,Q15428
DB05541,O60939
DB00543,P23975
DB01033,P20839
DB00711,P23219
DB12010,Q13177
DB00499,P10275
DB00289,O15399
DB01588,P14867
DB00418,O15399
DB00276,P02768
DB01580,P07550
DB06202,P34972
DB00909,Q9NY72
DB12010,Q9H1R3
DB01708,Q14994
DB00363,P35462
DB14509,O14732
DB00422,P08908
DB00182,P35348
DB00292,Q8N1C3
DB12278,P20309
DB01017,P45984
DB06814,P07550
DB09409,Q8TCU5
DB09079,P22607
DB00243,P63252
DB00708,P41143
DB00619,P10721
DB01076,Q14994
DB08910,P01375
DB00313,Q92769
DB14185,P28222
DB00842,P31644
DB12010,Q9UEW8
DB09092,P50213
DB11093,P06703
DB00819,P29972
DB00659,Q12879
DB01393,P28702
DB08896,P17948
DB13269,Q9UI33
DB11093,P28676
DB11348,P27824
DB14669,P04150
DB00248,P28223
DB12010,Q15375
DB13956,P03372
DB00580,P35354
DB09079,P12931
DB00568,P21918
DB01708,Q8TCU5
DB00393,Q13698
DB01017,P15692
DB00182,P18089
DB01247,P21397
DB09389,P18405
DB08896,P42685
DB00715,Q70Z44
DB01274,P07550
DB00869,P22748
DB09236,Q01668
DB00409,P35462
DB14487,P00751
DB11994,P05181
DB00659,Q99928
DB00708,P41145
DB01159,P28472
DB00907,P23975
DB09118,Q16445
DB00881,P12821
DB00246,P21728
DB01100,Q12809
DB09071,P49286
DB01303,Q14432
DB00892,Q9Y5Y9
DB12010,P30530
DB00945,P42574
DB14533,Q9BY41
DB00241,Q13002
DB00246,A5X5Y0
DB01069,O43525
DB00997,Q14978
DB12010,P49841
DB09054,O00329
DB09118,O14764
DB09130,P08603
DB00252,Q16445
DB01231,P11229
DB00186,P18505
DB01119,P00918
DB01053,Q16348
DB12328,P35869
DB00237,P30926
DB12010,O15264
DB11859,P28472
DB00349,Q8N1C3
DB12010,Q9P286
DB00228,Q9Y698
DB00315,P28221
DB00715,P28221
DB01595,P28472
DB00714,P08913
DB12537,P48169
DB00307,P28702
DB00132,O95864
DB00312,P47869
DB13952,P03372
DB01088,Q9Y5Y4
DB00480,Q96SW2
DB00241,P47869
DB09238,O00555
DB01215,Q9UN88
DB01110,Q9Y6J6
DB00424,P08172
DB00401,Q13936
DB00795,P37231
DB05271,P35462
DB11581,P10415
DB01427,Q13370
DB00898,P31644
DB00619,P00519
DB01744,Q8NER1
DB00561,Q9NPC2
DB12010,O00750
DB00247,P34969
DB00114,Q9Y697
DB01054,Q08289
DB06202,P03372
DB00262,P00390
DB01110,Q9UGI6
DB00252,Q9UQD0
DB00690,P34903
DB09213,P31151
DB01616,P08908
DB14533,P01031
DB14487,P08603
DB01544,P78334
DB11823,O60391
DB13995,P68871
DB12010,Q9Y6R4
DB00982,P10276
DB04855,O00305
DB09130,P11142
DB14541,P80365
DB14488,Q9NZD4
DB11181,P08912
DB14487,P27169
DB00091,P62937
DB01588,Q16445
DB12404,P28472
DB11642,Q9Y5N1
DB01110,P63252
DB00720,P12235
DB04703,Q96GD4
DB14487,P02743
DB00843,P22303
DB01118,Q12809
DB09462,Q9NZK7
DB01079,P28335
DB00869,P07451
DB01221,P20309
DB00312,Q8TCU5
DB13944,P03372
DB01280,P09884
DB14487,P60174
DB09089,O00555
DB00091,P49069
DB08964,P43115
DB05271,P18089
DB12010,P15056
DB01047,P04150
DB01430,P05023
DB00142,Q12879
DB14006,P06276
DB00619,P04629
DB11691,P41145
DB00704,P41143
DB00126,O14832
DB06151,Q13224
DB06764,P35348
DB03147,P29475
DB00777,P28223
DB01136,Q12809
DB00875,P35348
DB00189,P47870
DB00861,P23219
DB00809,P20309
DB00449,P08913
DB15102,P22607
DB00418,Q13002
DB00982,P13631
DB09130,P02652
DB01241,Q9NPD5
DB00725,P08173
DB01193,P07550
DB00608,Q9NR96
DB12010,Q14289
DB01410,P04150
DB09073,P11802
DB00780,P80404
DB00321,P08908
DB00988,P34969
DB04540,P11473
DB00555,P78334
DB11273,P41595
DB00922,Q14432
DB00513,P08519
DB08901,P06239
DB14533,P00738
DB00118,Q8N1G2
DB01224,P35367
DB14185,P14416
DB01069,Q9UQD0
DB06774,Q8NER1
DB00143,P78417
DB00909,O60939
DB00334,P35368
DB01580,P13945
DB00114,P11216
DB00675,Q92731
DB03147,Q92947
DB01956,P48169
DB00457,P18089
DB11901,P14867
DB00531,O75469
DB00898,Q06432
DB01544,P31644
DB00726,P28223
DB00477,P21918
DB00424,P11229
DB14487,P01009
DB01110,Q12809
DB01069,Q96PR1
DB09481,Q14957
DB01169,P28482
DB06589,P17948
DB00998,P28221
DB12010,P05129
DB13872,P34903
DB00115,P42898
DB00541,P68366
DB01151,P08588
DB00413,P14416
DB13615,O00206
DB04930,P03372
DB01558,P28472
DB14533,P00450
DB11093,Q96L12
DB00273,P35498
DB00246,Q70Z44
DB00398,P17948
DB13946,P10275
DB01021,P00918
DB01001,P13945
DB13269,Q9UQD0
DB00228,Q08289
DB11760,P09874
DB00409,Q99720
DB06654,P27338
DB00945,Q9UGJ0
DB01236,P18507
DB14487,P00739
DB00118,Q9HBK9
DB11093,Q9UBV8
DB11560,Q9NSA0
DB00902,P35367
DB00900,P00491
DB00527,Q9Y5Y9
DB01593,P04075
DB12010,P53671
DB09073,Q00534
DB09130,P00390
DB11274,P35462
DB04855,P54284
DB01098,P20701
DB00617,Q9P0X4
DB01592,Q9NZD4
DB00433,P18825
DB00998,P28222
DB12537,P47870
DB12010,O00519
DB01110,P22460
DB00162,Q9BTZ2
DB00246,P21917
DB09112,P68871
DB05541,Q15858
DB00776,Q14524
DB00248,P18825
DB00606,Q9ULX7
DB01587,P47869
DB00939,O43526
DB00527,P0DP23
DB01744,O75762
DB01069,P35499
DB01708,Q14957
DB00143,Q96SL4
DB14481,Q99653
DB11963,P00533
DB00843,Q00653
DB00237,Q16445
DB00142,Q05586
DB01069,Q12809
DB00186,P28472
DB09130,P04003
DB14185,P28223
DB00656,P31645
DB00189,P48169
DB01427,Q08493
DB00755,P10276
DB00318,P41143
DB01106,P35367
DB01956,Q99928
DB00514,P17787
DB01133,O75348
DB06702,P11229
DB00182,P25100
DB14481,P80303
DB00396,P10275
DB00920,P35367
DB01110,P35228
DB00321,P35368
DB00980,P48039
DB12010,P27448
DB14533,P02746
DB01110,Q14722
DB00706,P25100
DB00142,P48058
DB08809,Q15118
DB11823,P13639
DB00448,P10636
DB00728,P46098
DB02701,P09874
DB14754,P23975
DB00420,P11229
DB00675,Q05655
DB00561,O14649
DB01576,P18825
DB12010,P04626
DB14596,P04150
DB00690,Q8N1C3
DB00483,P08172
DB00818,Q99928
DB00768,Q99584
DB00184,P30532
DB00252,O14764
DB09130,P35527
DB11273,P28335
DB00842,Q8N1C3
DB01133,Q9Y487
DB09130,P05452
DB00228,Q06432
DB00502,P34969
DB01191,P31645
DB06637,Q92953
DB01088,P27815
DB00484,P08913
DB06204,P35372
DB12010,Q92918
DB01611,Q9NYK1
DB09130,P00387
DB00313,Q14524
DB06710,P10275
DB01189,Q16720
DB06695,P00734
DB08809,O43708
DB11273,P08913
DB00186,Q99928
DB00243,Q9NY72
DB01069,Q9BPV8
DB04832,P31645
DB00564,Q9UI33
DB12010,Q04759
DB00940,P20309
DB01069,Q9Y5Y9
DB01079,P41595
DB00415,Q16348
DB04946,P35462
DB09130,P00338
DB00951,P33261
DB09068,P08908
DB00898,Q9UN88
DB01558,Q9UN88
DB06274,P41145
DB13179,O75469
DB11633,Q9UK17
DB04855,P25100
DB01183,P35372
DB01118,Q9P0X4
DB01012,P41180
DB01227,P30926
DB01069,Q86VZ1
DB00589,P28222
DB00592,P28472
DB11986,Q07912
DB00517,P20309
DB01359,P08908
DB01069,Q9Y6J6
DB00514,P31645
DB01002,Q9Y5Y9
DB00945,Q13131
DB00945,Q04828
DB01956,P28472
DB12010,P22309
DB04272,P15086
DB11093,Q99653
DB15035,P52333
DB00114,P32929
DB01382,P48048
DB09401,Q07817
DB13269,Q99250
DB00182,P31645
DB00153,Q08289
DB01611,Q9BYF1
DB01587,Q16445
DB14533,P02649
DB00591,P12429
DB00713,Q16348
DB12010,Q9Y463
DB00228,Q9UIX4
DB09130,P02749
DB00178,P46663
DB09076,P08173
DB09481,O15399
DB00659,P41594
DB00418,Q13224
DB00605,Q9Y5Y4
DB02659,P09669
DB00292,Q99928
DB01133,P23469
DB01403,P28335
DB01115,Q01668
DB00694,P11388
DB11967,P01584
DB00715,P28223
DB06151,Q8TCU5
DB12010,Q96GD4
DB01159,P14867
DB12010,Q9BRS2
DB00770,P34995
DB01183,P41145
DB01708,Q12879
DB00457,P08913
DB11278,P35348
DB01110,Q9UJ96
DB01437,P34903
DB01069,P11229
DB00555,Q9Y5Y9
DB00363,P35348
DB00843,P98066
DB13954,O75469
DB06151,Q9UPY5
DB04272,Q96RQ9
DB00475,P47870
DB00142,Q05932
DB12010,P43403
DB00755,P48443
DB00599,P48169
DB00458,P21728
DB00757,P46098
DB12010,Q9H2K8
DB00493,Q9Y694
DB01587,P34903
DB00770,Q9Y5Y4
DB01275,Q16853
DB00228,P78334
DB00475,P31644
DB00714,P21917
DB00737,Q14994
DB00120,P17735
DB01240,P43119
DB14533,Q02383
DB01159,Q8TCU5
DB14487,P14923
DB01621,P14416
DB00761,Q9Y666
DB01105,Q01959
DB09079,P21802
DB00606,P00918
DB00934,P11229
DB00508,P08172
DB00379,Q14524
DB01246,P35367
DB12010,P53355
DB01159,P23415
DB01110,Q6PIU1
DB14533,P69905
DB00588,P06401
DB00321,P25021
DB00801,P34903
DB01024,P20839
DB14481,P06703
DB01223,Q14432
DB00153,O60840
DB00119,P30613
DB01595,P78334
DB00408,P28221
DB00500,P35354
DB03147,Q9UKU7
DB01069,Q9UJ90
DB00849,P34903
DB00308,Q14654
DB00726,P28221
DB00458,P28223
DB00500,P23219
DB12010,Q07912
DB00800,P08913
DB14185,P20309
DB01593,P45381
DB14488,P06746
DB00914,Q15842
DB01544,P18505
DB01221,P06276
DB12010,Q8NEV4
DB00313,Q9UQD0
DB06267,O76074
DB01221,Q8TCU5
DB14533,P02787
DB14533,P04075
DB01162,Q12809
DB11901,P47869
DB01589,P78334
DB00543,P20309
DB06237,O76074
DB00753,P47870
DB00517,P11229
DB00143,Q99735
DB00469,P35354
DB03147,Q9UHQ9
DB09079,P09619
DB00114,P22557
DB15617,P02786
DB14487,P06702
DB01393,P37231
DB01138,P33527
DB01069,Q92953
DB01583,P10827
DB00986,P11229
DB12010,Q14012
DB00402,Q8N1C3
DB01956,P34903
DB01186,P18089
DB12010,P17612
DB00115,Q9Y4U1
DB00579,Q01959
DB04855,Q08289
DB01593,P03372
DB01437,Q16445
DB01110,Q08289
DB00142,Q13255
DB01064,P28482
DB01593,P31151
DB01351,P43681
DB11273,P18089
DB00145,P13196
DB01119,Q14654
DB09082,P07550
DB00704,P35372
DB06595,P09619
DB14487,P05546
DB00328,Q07869
DB09130,P30086
DB01069,Q6PIU1
DB12010,Q06418
DB09216,P35354
DB01069,Q15391
DB00142,Q8N159
DB00252,O00555
DB13872,Q9UN88
DB02266,P42330
DB01069,P18825
DB00917,P43116
DB01224,P28222
DB00342,P08172
DB00213,P20648
DB12010,O43741
DB01110,Q8TAE7
DB06410,P11473
DB01587,Q99928
DB00334,P28221
DB01367,P10415
DB00252,Q12809
DB00656,P08908
DB00143,P28161
DB06218,Q9NY46
DB06204,P46098
DB00241,P34903
DB09130,P14618
DB01037,P21397
DB00441,P30085
DB00623,P21728
DB00755,P49788
DB12278,Q13936
DB00722,P12821
DB00543,Q01959
DB06637,Q16322
DB09213,P10415
DB12267,P06213
DB00126,Q9BY66
DB00563,P00374
DB00771,P11229
DB06702,P08172
DB00228,Q15878
DB13781,P08588
DB00312,O60391
DB09130,P43487
DB00945,P23219
DB09086,Q8NET8
DB09236,Q13698
DB00243,P25100
DB00753,P34903
DB01593,P69905
DB00436,P22748
DB00184,P28329
DB14002,P05771
DB01656,Q07343
DB00909,P07451
DB00192,Q14524
DB09300,P20309
DB00606,P35218
DB00228,P56696
DB12010,P08922
DB00761,Q9UHW9
DB14533,P46736
DB00583,Q9H015
DB00898,Q05901
DB00843,P01584
DB01593,P05109
DB00247,P08908
DB00312,Q05586
DB00887,Q9H2X9
DB00462,P20309
DB11986,P04629
DB00499,O75469
DB00162,Q6NUM9
DB00201,O95263
DB00898,P48058
DB09460,Q16790
DB11994,P20815
DB14487,P29622
DB00907,P31645
DB01593,P49908
DB00321,P35367
DB00237,Q05901
DB12010,O75716
DB00261,Q14432
DB00589,P35462
DB00458,P28335
DB09089,O60840
DB00328,Q04760
DB01009,P35354
DB01183,P23141
DB00228,P54289
DB01403,P11229
DB01212,Q9NSA0
DB00924,P31645
DB00630,P38606
DB12010,Q08881
DB00114,O94903
DB00887,Q13621
DB01268,P36888
DB00543,P34969
DB00580,P07451
DB04573,Q92731
DB09238,Q02641
DB06603,Q969S8
DB00490,P14416
DB06802,P35354
DB01224,P18089
DB00543,P14416
DB00898,O95264
DB12404,P47870
DB00210,P28702
DB01076,P04035
DB00747,P14410
DB00753,P18507
DB00683,P48169
DB01708,Q8N1C3
DB01067,P37231
DB00726,Q01959
DB01184,P14416
DB09089,P54284
DB14185,P08173
DB01136,P35348
DB00475,P78334
DB00244,P09917
DB01023,P54750
DB00191,P31645
DB00423,P00915
DB00934,P08913
DB00659,O15399
DB00991,P35354
DB00555,P35499
DB01620,P35367
DB14533,P01009
DB00252,Q13698
DB00408,P35462
DB12404,Q16445
DB11186,Q9Y5Y9
DB01069,Q96G91
DB00288,P04150
DB00142,P49448
DB00778,P08183
DB11859,Q8N1C3
DB01216,P31213
DB04272,P62312
DB00408,P28335
DB06148,P41145
DB00898,Q13698
DB00988,P08908
DB00795,O14920
DB00975,P00813
DB11348,Q75N90
DB00795,Q9UPY5
DB00774,O43570
DB00420,P35367
DB00726,P21728
DB00228,Q9UJ90
DB01288,P08588
DB09123,P06401
DB01593,P15924
DB01033,Q06203
DB01026,O75469
DB00960,P08588
DB11181,P11229
DB00825,O00555
DB11157,Q99456
DB01303,P29274
DB00712,P35354
DB01119,Q12791
DB01169,Q16881
DB01186,P21728
DB03147,Q16881
DB00648,P06401
DB04946,P35367
DB12010,P29376
DB01593,P02647
DB00606,P22748
DB04855,P35348
DB14487,P04217
DB00153,Q02641
DB00228,P98194
DB01595,P31644
DB00385,P11388
DB09131,P04070
DB00988,P21918
DB01069,Q96L42
DB12267,Q15303
DB09118,P31644
DB00349,P14867
DB01189,Q9UN88
DB01593,O75636
DB01107,P78334
DB01221,P08173
DB01593,P20851
DB00518,P68371
DB00237,P31644
DB00568,Q9P0X4
DB12010,P11802
DB14487,P46939
DB12267,P00533
DB00228,P22460
DB14487,P68104
DB01161,Q9Y5Y9
DB01419,P35354
DB14487,P46663
DB05015,P56524
DB01242,P28335
DB12010,P33981
DB01238,P28221
DB00564,Q14524
DB01136,P18825
DB00484,P18825
DB01023,P02585
DB09130,P02775
DB01069,P56373
DB13954,P37059
DB02659,Q02221
DB00490,P35348
DB01593,O15350
DB00806,P29274
DB00977,O75469
DB00611,P41145
DB11712,P13569
DB04855,Q9UNX9
DB00201,Q13315
DB00418,P36544
DB00843,O15399
DB01591,P08912
DB00934,P20309
DB01403,P28223
DB00620,P04150
DB00367,P18405
DB01608,P10275
DB01593,P81605
DB01097,P35869
DB00142,O15382
DB02659,P51161
DB00726,P11229
DB01593,P23415
DB12010,Q14680
DB00661,Q12809
DB00321,P34969
DB13783,P23219
DB08895,P23458
DB11823,P23560
DB12010,Q8N4C8
DB14487,P04264
DB01224,P14416
DB00753,O14764
DB00475,Q99928
DB00477,P20309
DB11859,P18505
DB00907,P35498
DB01558,P47869
DB03147,Q86YB8
DB00799,P10276
DB01114,P31645
DB01592,Q9BY41
DB00201,P21817
DB01238,P11229
DB02266,P35354
DB01268,P10721
DB04832,P21397
DB01189,P48169
DB00114,Q9GZT4
DB04946,P34969
DB01194,P00918
DB00907,Q01118
DB09130,P02748
DB11273,P08588
DB00363,P35368
DB00945,P27361
DB00783,P00846
DB00347,O43497
DB00805,P14416
DB09130,P51693
DB01592,P00450
DB03796,Q14541
DB01198,P14867
DB00142,P38435
DB01171,P27338
DB01267,P35367
DB01224,P28223
DB11348,Q9ULB1
DB11348,P09486
DB00210,O60603
DB00145,Q14032
DB00829,P31644
DB00143,O43708
DB06589,Q9UQQ2
DB08871,P10415
DB00306,Q9UN88
DB09238,O43497
DB00800,P18089
DB00564,P35498
DB06694,P18825
DB12010,Q9H0K1
DB01039,O75469
DB09167,P31645
DB04272,Q9GZU7
DB14185,P08908
DB00897,P31644
DB00334,P34903
DB00371,P18507
DB00909,P00918
DB01100,P0DP23
DB00799,P13631
DB00459,P10826
DB01041,P19838
DB00543,P25100
DB00285,Q01959
DB11273,Q13639
DB00753,P31644
DB00343,Q06432
DB03147,P21397
DB00915,Q8TCU5
DB06713,P10275
DB01185,P03372
DB01200,P21918
DB00669,P28222
DB00540,P07550
DB04890,P35367
DB00334,P28335
DB06176,Q9UBN7
DB00842,P48169
DB00934,P23975
DB09130,P68871
DB00683,P18507
DB00228,Q13936
DB00912,Q09428
DB01016,Q14654
DB09130,P02747
DB00725,P08172
DB01189,P28472
DB00368,P35348
DB00734,P35367
DB00328,Q9Y5Y4
DB14507,P29218
DB00121,Q13085
DB14001,P17252
DB02701,P00338
DB01589,Q99928
DB13269,Q14524
DB11274,P21918
DB05316,P14416
DB00839,Q14654
DB00210,P13631
DB00170,P16083
DB00197,Q99808
DB14533,P05067
DB06230,P41143
DB04846,P13945
DB00321,O43526
DB01215,P48169
DB00704,P41145
DB00237,P42261
DB01592,Q16595
DB01392,P18089
DB00907,Q07699
DB01110,P48547
DB01221,P28335
DB00315,P08908
DB06230,P41145
DB14533,P08700
DB00408,P28222
DB00458,P35348
DB00801,P18505
DB00201,P16499
DB01176,P35367
DB01151,P35367
DB00146,P11473
DB01215,P47869
DB01656,Q08493
DB06274,P41143
DB00898,Q9Y698
DB00775,P08514
DB00306,P28472
DB00197,Q03181
DB01324,P55017
DB00408,P28223
DB00574,P31645
DB00396,P04150
DB01118,Q9NS40
DB11273,P28221
DB01593,P04217
DB01110,Q13698
DB14533,Q13547
DB09130,Q96FI4
DB00241,P47870
DB00268,P18089
DB00909,Q16790
DB00425,P34903
DB14533,P04114
DB01099,P26358
DB00360,P17752
DB11994,P05177
DB00201,Q13946
DB12141,P50406
DB00228,Q9NSA2
DB00909,Q07699
DB00897,Q99928
DB00367,P10275
DB01238,P08173
DB01013,P04150
DB11093,P35556
DB00683,Q8N1C3
DB00273,Q9UQD0
DB00475,O14764
DB00825,P54284
DB11901,Q8N1C3
DB00145,P41250
DB01288,P07550
DB01437,O14764
DB00715,P50406
DB00239,O75469
DB00313,P37231
DB01159,P03886
DB00153,P54284
DB06637,Q96PR1
DB01039,Q07869
DB00734,P18089
DB00598,P35348
DB01364,P07550
DB01544,P47869
DB00843,Q13224
DB00690,P47869
DB01126,P18405
DB03088,P15692
DB06637,Q96RP8
DB00321,P50406
DB00199,O43193
DB01023,P54289
DB12010,P41743
DB00579,Q05940
DB00829,P47870
DB01198,P30536
DB00367,P04150
DB12010,P25774
DB00459,P10276
DB00307,P19793
DB00477,P35348
DB01353,P34903
DB01159,O14649
DB01213,P00326
DB00396,P02763
DB09089,Q9H2S1
DB08875,P08581
DB13956,Q92731
DB01133,O95670
DB00243,Q01118
DB12010,P35916
DB01593,P02649
DB14487,Q06830
DB03904,P35222
DB09091,Q92769
DB11235,P20309
DB01236,P34903
DB00898,P28472
DB00228,Q8N1C3
DB01171,P21397
DB01035,P26358
DB01175,Q01959
DB01593,O14791
DB00690,P31644
DB00995,O14920
DB00574,P41595
DB00458,P08172
DB01131,P00374
DB00839,Q09428
DB12010,Q15208
DB00801,Q9UN88
DB05271,P21728
DB01017,Q16539
DB00568,P08172
DB00920,P52209
DB00540,P18089
DB00119,O15427
DB01183,P16220
DB01708,P10275
DB01595,P47869
DB01114,P23975
DB04880,Q14432
DB00907,P08172
DB09048,P25103
DB00143,P07203
DB01593,P01023
DB00687,P04150
DB09409,Q12879
DB01593,P03952
DB01403,P35462
DB06712,Q01668
DB01032,Q8TCC7
DB00459,P09455
DB00788,P35354
DB00248,P35348
DB00434,P11229
DB00145,Q9BYV1
DB14533,P02747
DB00776,Q8IWT1
DB00726,P18089
DB00252,P54284
DB12141,Q70Z44
DB01197,P08253
DB02266,Q07869
DB01101,P04818
DB00246,P08912
DB00241,P78334
DB01392,P28335
DB09130,P02743
DB01238,O60391
DB09130,P68104
DB01593,P13645
DB00228,Q96L42
DB14533,P02647
DB09079,P36888
DB00898,P47870
DB00714,P35462
DB00770,P43116
DB00862,P18545
DB00126,Q96Q83
DB12015,P42336
DB00334,P08908
DB00555,P47869
DB01409,P11229
DB11859,P18507
DB00393,P08235
DB00569,P01008
DB01708,Q07869
DB09118,Q9UN88
DB11730,Q00534
DB00753,P43681
DB00114,P34897
DB00162,Q9NYR8
DB05541,Q9UI33
DB04272,P07998
DB00391,P14416
DB00458,P20309
DB01175,P35367
DB06176,P33527
DB01069,Q9UQ05
DB09130,P00558
DB01393,P48443
DB01036,P11229
DB00189,P78334
DB01186,P21917
DB09092,P39023
DB08950,P35348
DB04855,P63252
DB12010,P07498
DB03128,P08172
DB02659,Q96RI1
DB01403,P35368
DB11219,P03372
DB00170,P07225
DB00661,Q14654
DB11859,Q99928
DB00420,P28335
DB00162,Q92781
DB00995,P30044
DB06637,Q09470
DB04817,P23219
DB00540,P08172
DB12010,P36888
DB13953,P62508
DB14533,P03951
DB00114,P11926
DB01592,P02787
DB01558,O14764
DB12010,P11309
DB09130,P02647
DB00458,Q9UK17
DB01325,Q13621
DB01593,O75340
DB08896,Q16832
DB00334,P35348
DB11641,P07437
DB00755,P13631
DB01133,P29350
DB00273,O00305
DB00114,Q16719
DB09130,P56537
DB12010,O14976
DB00744,P09917
DB00186,P47870
DB01593,P15169
DB12010,O14757
DB06154,P69905
DB14481,P0DP23
DB00306,P43681
DB12010,Q9Y2K2
DB00628,P14867
DB00193,P11229
DB14487,P78330
DB00396,P08235
DB00408,P08173
DB01587,Q9UN88
DB00408,P21917
DB06148,P23975
DB00189,Q8N1C3
DB00312,P78334
DB00425,P14867
DB01069,Q9H244
DB01353,P14867
DB01593,P01009
DB00210,P05412
DB00659,Q9UN88
DB03615,P07237
DB00523,P17936
DB01136,P17302
DB00970,Q02880
DB00753,P98194
DB01273,Q15825
DB00568,P14416
DB01231,P20309
DB00659,Q16445
DB00306,P47869
DB03310,P22352
DB01028,P31644
DB09401,P10415
DB11186,P41145
DB14533,P03372
DB01169,P05412
DB00653,Q02641
DB14488,P02794
DB00310,P00915
DB00142,Q13224
DB00555,P41145
DB03614,Q99707
DB04920,Q13698
DB01247,P27338
DB00635,P04150
DB01069,P35367
DB00897,P18507
DB11952,O00329
DB00897,P47870
DB06262,P35348
DB00159,Q07869
DB00563,P31939
DB00657,Q15822
DB01035,Q14524
DB00487,P11388
DB01268,P17948
DB06751,Q13936
DB12537,P34903
DB14481,P04271
DB01621,P28223
DB14498,P05023
DB00411,Q15822
DB00237,P18505
DB00586,P23219
DB01189,Q8N1C3
DB00659,P34903
DB01365,P35348
DB06148,P21728
DB00321,P41145
DB02701,Q10588
DB01069,P41231
DB14487,P02533
DB14533,P14780
DB00591,P08758
DB00283,P35367
DB11093,P09486
DB00907,Q14524
DB01392,P08908
DB14533,P30101
DB11079,P35354
DB09130,P45973
DB00334,P11229
DB00836,P0DP23
DB01259,P00533
DB00768,P04271
DB09148,P05067
DB12010,Q04771
DB14481,O14958
DB06594,P48039
DB00555,Q16445
DB09167,P11229
DB01403,P18089
DB00572,P23415
DB09063,Q9UM73
DB00142,Q13003
DB13954,P43681
DB09118,Q99928
DB00342,Q12809
DB06825,P30968
DB01174,P14867
DB01583,P10828
DB01401,P35354
DB14487,P01031
DB06151,Q12879
DB01029,P30556
DB00956,Q99720
DB00652,P35372
DB08439,P02788
DB01110,Q9Y6H6
DB00599,Q16445
DB12010,Q9P2K8
DB01194,P35218
DB01136,P07550
DB00418,P31644
DB03147,P16435
DB00252,P48169
DB03310,P09488
DB00606,Q6FHJ7
DB00243,Q08289
DB00605,P27361
DB01169,P27361
DB00321,Q16620
DB08896,P35968
DB01136,P15692
DB08818,P10915
DB05541,Q9NY46
DB05015,O15379
DB01069,Q9UK17
DB03310,P08263
DB00145,P34897
DB06262,P18825
DB00459,P48443
DB11348,Q99584
DB00819,P00918
DB00292,P47869
DB00568,P08173
DB08896,P29317
DB01159,O15554
DB00228,P18507
DB00572,P08172
DB00209,P20309
DB14487,P08779
DB01200,P14416
DB11986,Q16620
DB00571,P08588
DB01409,P08172
DB00499,P35869
DB00645,Q9Y5Y9
DB04224,P19793
DB08912,P15056
DB00241,P42262
DB00945,P11021
DB00509,P10827
DB13872,Q99928
DB00555,P42261
DB00835,P35367
DB00835,P20309
DB00279,P10827
DB00181,Q9UBS5
DB00273,Q16478
DB06712,Q13936
DB14975,P69905
DB09130,P42858
DB11348,Q99653
DB00134,P50579
DB00170,P38435
DB01744,Q7Z2W7
DB00114,Q9NUV7
DB08906,P06401
DB12278,P11229
DB09078,P16234
DB01558,P31644
DB12010,Q5S007
DB00829,P18507
DB00726,P08908
DB00422,Q01959
DB00659,P31644
DB00726,P35348
DB00726,P08173
DB00458,P50406
DB00313,Q9UI33
DB09130,P30041
DB00162,P00352
DB00356,Q12791
DB14533,P01011
DB04540,Q14994
DB01069,P20309
DB01095,P04035
DB13751,P06858
DB13944,P08235
DB00934,P35367
DB09236,O00555
DB00477,P21728
DB12404,P48169
DB00907,Q9Y5Y9
DB00142,Q8N5Z0
DB00746,P05067
DB12010,Q9H422
DB06603,Q9UBN7
DB11995,Q9UNQ0
DB04855,P08588
DB01593,P68104
DB00306,P18505
DB01403,P08912
DB00745,P35368
DB01135,P08172
DB00777,P35367
DB00898,Q99808
DB00696,P41595
DB01074,Q12809
DB01593,P07357
DB00228,Q12879
DB00201,Q9Y233
DB04348,P51161
DB04855,Q13936
DB14490,P02786
DB00725,P08912
DB12010,P31152
DB00728,P08172
DB01168,P27338
DB01105,P23975
DB00696,P21918
DB00924,P28223
DB11235,P35367
DB00142,P43003
DB00445,P11388
DB01558,P34903
DB06707,P08913
DB03147,P00390
DB01593,P02652
DB04855,P48549
DB00589,P08908
DB12500,P36888
DB01273,P43681
DB03147,P26440
DB01064,P07550
DB06151,P48637
DB15690,Q92731
DB12010,O95747
DB00321,P08173
DB01593,P29622
DB00747,P08173
DB00849,P36544
DB00661,P35348
DB00683,P47870
DB01076,P27487
DB00575,P08913
DB00555,Q9UI33
DB01138,O75469
DB14487,P02652
DB01069,P14416
DB01593,Q00987
DB01708,P18507
DB00540,P11229
DB00475,Q9UN88
DB01592,P06746
DB01587,P48169
DB11278,P35368
DB08871,Q9H4B7
DB00337,P42345
DB12010,Q8IU85
DB00959,P04083
DB01138,Q96S37
DB12010,P09917
DB00370,P08913
DB01353,P48169
DB06207,P35348
DB01023,Q01668
DB00795,O15111
DB00006,P00734
DB00496,P08172
DB01110,Q9NPA1
DB00241,Q9UN88
DB12010,P09769
DB00186,P14867
DB00449,P22303
DB09124,P06401
DB01238,P28222
DB09068,P46098
DB03128,P08173
DB06148,P35462
DB00243,Q13698
DB12010,P35590
DB00228,Q00975
DB12010,Q9Y6E0
DB00496,P11229
DB00455,Q12809
DB09130,Q15185
DB01588,Q9UN88
DB00143,P48637
DB12537,P31644
DB01436,O15528
DB00228,O95259
DB01118,P10828
DB00119,O95907
DB12010,P42681
DB00316,Q8NER1
DB09130,P14550
DB00193,P08913
DB11672,P11473
DB00829,P78334
DB01110,P16389
DB00176,Q12809
DB06603,P56524
DB00201,O00408
DB01133,P27449
DB00715,P11229
DB00801,P47869
DB00800,P35348
DB13995,P02794
DB01200,P18825
DB00818,Q16445
DB00555,P28223
DB00898,P78334
DB00201,Q14571
DB12010,Q16513
DB01151,P08908
DB12010,Q8NFD2
DB00184,Q15825
DB00752,P27338
DB06151,Q05586
DB00243,Q9UI33
DB14481,P27824
DB00145,O60391
DB11994,P08684
DB00007,P30968
DB14533,O15304
DB00564,Q9NY46
DB12010,P57078
DB00753,P18505
DB00368,P13945
DB01162,P25100
DB00159,P37231
DB00243,P35348
DB00624,P03372
DB03147,P16083
DB12141,P28223
DB09089,P08172
DB01110,Q12791
DB00715,P13945
DB11278,P08913
DB00934,P18089
DB13872,P47870
DB00925,P35368
DB00825,Q01668
DB00674,P06276
DB11901,P18505
DB14509,P49841
DB00580,P00918
DB00402,Q9UN88
DB09131,P04080
DB09371,P10275
DB00142,Q9Y617
DB01118,Q07869
DB12010,O43283
DB00408,P20309
DB00393,P54284
DB00756,P00367
DB00228,Q92953
DB00334,Q8N1C3
DB00363,P18089
DB01159,Q99928
DB06786,Q99835
DB01133,P15313
DB03796,P50897
DB00368,P08913
DB01189,P47869
DB00312,Q13224
DB01589,P18505
DB00619,Q08345
DB08895,O60674
DB00514,P63000
DB09213,P07204
DB00241,P48169
DB05381,Q9H3N8
DB00747,P11229
DB00115,Q9UBK8
DB01159,Q12791
DB00321,P35372
DB00776,Q01118
DB00945,Q9UGI9
DB09130,P05546
DB01076,P35869
DB01253,P35348
DB00243,O60840
DB00860,P04150
DB01110,P54284
DB00114,P04181
DB09130,O00299
DB11859,O14764
DB00132,Q9NXB9
DB01261,P27487
DB00193,O60391
DB01133,P36543
DB14487,P02787
DB12278,P08912
DB01173,P23975
DB00197,P37231
DB00792,P35367
DB01028,Q8N1C3
DB00844,P41145
DB09095,P12429
DB01956,P78334
DB00692,P08913
DB00363,P08172
DB15690,P03372
DB00334,P21728
DB00193,P41143
DB01224,P08913
DB00335,P08588
DB00153,Q9BXT2
DB12010,Q9Y2H1
DB00363,P28335
DB09130,P05090
DB01151,P07550
DB00776,Q9UI33
DB11219,P06401
DB00956,P41143
DB01133,Q99437
DB00458,Q12809
DB01186,P18825
DB06480,Q13639
DB14533,O14618
DB00831,P63316
DB01189,O14764
DB08818,Q14520
DB15035,P51451
DB09031,P08183
DB01200,P35348
DB11901,P28472
DB00280,Q14524
DB09130,P01009
DB08604,P07202
DB05294,Q13882
DB00248,P08913
DB00583,P23141
DB14487,Q14624
DB00688,P20839
DB00366,P08172
DB01406,P03372
DB14488,Q16595
DB00340,P20309
DB11614,P25105
DB00907,Q99720
DB00588,P47712
DB14487,P29034
DB01107,P14867
DB01175,P08908
DB00276,Q12809
DB06201,P41594
DB00842,Q16445
DB09460,P00918
DB01592,P69905
DB12010,Q13627
DB00387,P11229
DB00397,P18825
DB01159,P34903
DB00114,Q96GA7
DB11901,P48169
DB06218,Q15858
DB01370,P05067
DB13269,P35498
DB00397,P07550
DB00119,P14618
DB00589,P21918
DB09130,P30101
DB00368,P25100
DB01251,Q15842
DB00273,P39086
DB00715,O95264
DB00843,Q05586
DB00391,P07451
DB00599,P34903
DB00201,Q9HCR9
DB01102,P07550
DB01956,P18507
DB09236,Q08289
DB01340,P12821
DB08901,P22455
DB00228,Q9ULD8
DB00432,P04818
DB11672,P37231
DB01151,P28223
DB06603,Q8WUI4
DB11633,Q92806
DB01241,Q07869
DB11901,P78334
DB00724,Q9NR97
DB06213,P29274
DB00237,P42262
DB06594,P49286
DB01185,P04150
DB12010,O76074
DB01169,O14920
DB00370,P25100
DB00714,P18825
DB08901,P10721
DB01235,P21918
DB06144,P35348
DB01159,P18507
DB00788,P23219
DB01069,Q9NZV8
DB00193,P18089
DB00312,Q99928
DB00564,P43681
DB01095,Q92769
DB00143,O60760
DB14517,P02787
DB01069,P35498
DB00644,P30968
DB01173,Q8TCU5
DB00415,Q02763
DB01623,P14416
DB14490,Q96FI4
DB00226,P23975
DB01159,Q01814
DB04820,P27338
DB13956,Q15596
DB00312,O14764
DB09089,P20309
DB00228,Q14722
DB00700,P08235
DB00570,P23258
DB00431,P48167
DB00363,P21728
DB00228,Q9BXT2
DB00543,P08172
DB00142,Q07075
DB13956,P37059
DB08901,P07948
DB11619,P30968
DB00441,P04818
DB12010,Q13873
DB01107,O14764
DB00190,P20711
DB00411,P08172
DB00402,P31644
DB14540,P80365
DB00628,P78334
DB01169,P24385
DB12010,P53350
DB01133,Q9Y5K8
DB14509,P29218
DB01069,Q16322
DB00119,P53985
DB00909,P35499
DB01353,Q16445
DB01592,P39748
DB01186,P25100
DB12141,P30530
DB00148,P12277
DB05541,Q9UQD0
DB01587,P28472
DB00477,P0DP23
DB00715,P35368
DB01576,P23975
DB14487,P04003
DB14487,O75340
DB09462,Q14643
DB13346,P23219
DB00363,P28221
DB00628,P48169
DB09216,P23219
DB01175,P23975
DB13346,P35354
DB05541,Q14524
DB00726,P21918
DB09130,P17174
DB09079,P35968
DB00696,P28335
DB00402,P48169
DB09130,P63261
DB14487,P02766
DB11181,P08172
DB01028,O14764
DB00818,P48169
DB01382,Q09428
DB09209,P41143
DB00114,Q9BYV1
DB09462,O43708
DB00193,P30542
DB00408,P08913
DB00312,Q16445
DB04272,P40926
DB00753,P78334
DB00443,P04150
DB14539,P04150
DB00241,Q16445
DB00909,Q8IWT1
DB08896,P04629
DB00907,Q9UQD0
DB01392,P08913
DB00714,P14416
DB13956,Q99527
DB14487,P03372
DB00574,P28335
DB00402,P14867
DB01118,Q02641
DB00961,Q9Y5Y9
DB06684,P31645
DB01420,P10275
DB00237,P14867
DB00189,P18507
DB14481,Q96L12
DB11278,P18089
DB11093,O75838
DB00364,P01133
DB00818,Q99250
DB01151,P31645
DB00829,Q16445
DB00364,P02679
DB09085,Q9UI33
DB08932,P24530
DB01267,P28335
DB00248,P14416
DB00986,P20309
DB11855,P11229
DB01128,P10275
DB03255,P02768
DB01241,Q8TCC7
DB01708,Q99928
DB06217,Q12809
DB13346,Q969S8
DB11093,P31415
DB11093,P13693
DB00477,P50406
DB00675,P62508
DB08604,Q14994
DB01074,P23786
DB00477,P18089
DB00433,P35367
DB01608,P08913
DB09047,P11388
DB12010,Q9HBH9
DB00665,P10275
DB00988,P35462
DB00697,P35348
DB00243,Q07699
DB06282,P35367
DB12010,P51812
DB09195,P31645
DB00477,P14416
DB00624,P08235
DB09130,P0C0L5
DB14481,P30626
DB01956,P31644
DB00934,P08173
DB00715,P21918
DB09371,P03372
DB00805,P28335
DB09195,P35368
DB01215,Q8N1C3
DB01159,P78334
DB00956,P35372
DB11994,P11712
DB04865,P39023
DB00408,P11229
DB01395,P10275
DB09089,Q9UGI6
DB14487,P09874
DB00114,P11217
DB00371,P18505
DB00418,P42262
DB00282,O95749
DB12010,Q59H18
DB12537,P18505
DB00444,P11388
DB01175,P35368
DB00755,Q8NFJ5
DB01593,O14556
DB00115,P22033
DB00282,P42574
DB00397,P18089
DB00818,P47870
DB01268,P07333
DB03619,Q7Z2Z2
DB00371,P31644
DB00457,Q12809
DB00132,Q9NYP7
DB09195,P25100
DB00692,P35368
DB00898,Q13936
DB09128,P35368
DB14487,Q8N907
DB06403,P25101
DB00557,Q12809
DB01215,O14764
DB01028,P48169
DB06694,P08913
DB01221,P28221
DB01593,P02765
DB00454,P11229
DB01303,P30542
DB14487,P08185
DB00917,P35408
